symbol,date,open,high,low,close,volume
BB,2020-09-01T14:00:00Z,5.355,5.52,5.34,5.465,14812
BB,2020-09-01T15:00:00Z,5.465,5.49,5.395,5.47,1681
BB,2020-09-01T16:00:00Z,5.47,5.475,5.42,5.45,1718
BB,2020-09-01T17:00:00Z,5.445,5.475,5.425,5.46,10655
BB,2020-09-01T18:00:00Z,5.46,5.535,5.455,5.535,2905
BB,2020-09-01T19:00:00Z,5.53,5.59,5.505,5.59,16862
BB,2020-09-01T20:00:00Z,5.59,5.59,5.59,5.59,0
BB,2020-09-02T14:00:00Z,5.47,5.535,5.415,5.49,9320
BB,2020-09-02T15:00:00Z,5.49,5.505,5.41,5.43,6744
BB,2020-09-02T16:00:00Z,5.43,5.475,5.415,5.455,2875
BB,2020-09-02T17:00:00Z,5.45,5.505,5.44,5.485,2120
BB,2020-09-02T18:00:00Z,5.485,5.495,5.455,5.465,1440
BB,2020-09-02T19:00:00Z,5.465,5.5,5.465,5.465,400
BB,2020-09-02T20:00:00Z,5.465,5.465,5.465,5.465,0
BB,2020-09-03T14:00:00Z,5.37,5.415,5.195,5.285,8040
BB,2020-09-03T15:00:00Z,5.285,5.285,5.125,5.205,12501
BB,2020-09-03T16:00:00Z,5.215,5.255,5.175,5.21,4916
BB,2020-09-03T17:00:00Z,5.215,5.25,5.18,5.195,3112
BB,2020-09-03T18:00:00Z,5.19,5.235,5.185,5.2,4183
BB,2020-09-03T19:00:00Z,5.205,5.215,5.15,5.175,6576
BB,2020-09-03T20:00:00Z,5.175,5.175,5.175,5.175,0
BB,2020-09-04T14:00:00Z,5.03,5.11,4.855,5.065,18931
BB,2020-09-04T15:00:00Z,5.055,5.145,4.985,5.14,3821
BB,2020-09-04T16:00:00Z,5.14,5.155,5.075,5.105,3400
BB,2020-09-04T17:00:00Z,5.105,5.11,5.04,5.085,2400
BB,2020-09-04T18:00:00Z,5.085,5.17,5.075,5.165,2759
BB,2020-09-04T19:00:00Z,5.165,5.19,5.105,5.115,12340
BB,2020-09-04T20:00:00Z,5.06,5.06,5.06,5.06,4
BB,2020-09-07T14:00:00Z,5.06,5.06,5.06,5.06,0
BB,2020-09-07T15:00:00Z,5.06,5.06,5.06,5.06,0
BB,2020-09-07T16:00:00Z,5.06,5.06,5.06,5.06,0
BB,2020-09-07T17:00:00Z,5.06,5.06,5.06,5.06,0
BB,2020-09-07T18:00:00Z,5.06,5.06,5.06,5.06,0
BB,2020-09-07T19:00:00Z,5.06,5.06,5.06,5.06,0
BB,2020-09-07T20:00:00Z,5.06,5.06,5.06,5.06,0
BB,2020-09-08T14:00:00Z,5,5.095,4.965,5.005,6542
BB,2020-09-08T15:00:00Z,5.005,5.065,4.99,5.015,2526
BB,2020-09-08T16:00:00Z,5.015,5.045,4.995,5.005,4254
BB,2020-09-08T17:00:00Z,5.005,5.005,4.975,4.985,1495
BB,2020-09-08T18:00:00Z,4.99,4.995,4.93,4.955,1310
BB,2020-09-08T19:00:00Z,4.955,5.005,4.93,4.935,11966
BB,2020-09-08T20:00:00Z,4.935,4.935,4.935,4.935,0
BB,2020-09-09T14:00:00Z,4.995,5.025,4.945,5,2102
BB,2020-09-09T15:00:00Z,5,5.015,4.95,4.955,6923
BB,2020-09-09T16:00:00Z,4.965,5.01,4.965,4.975,2300
BB,2020-09-09T17:00:00Z,4.975,4.995,4.94,4.945,5159
BB,2020-09-09T18:00:00Z,4.95,4.96,4.925,4.93,1706
BB,2020-09-09T19:00:00Z,4.935,4.965,4.915,4.915,52633
BB,2020-09-09T20:00:00Z,4.915,4.915,4.915,4.915,0
BB,2020-09-10T14:00:00Z,4.935,4.985,4.845,4.865,4722
BB,2020-09-10T15:00:00Z,4.865,4.94,4.85,4.915,3205
BB,2020-09-10T16:00:00Z,4.915,4.925,4.845,4.885,12033
BB,2020-09-10T17:00:00Z,4.885,4.905,4.855,4.865,900
BB,2020-09-10T18:00:00Z,4.865,4.88,4.82,4.875,3760
BB,2020-09-10T19:00:00Z,4.865,4.865,4.79,4.805,7756
BB,2020-09-10T20:00:00Z,4.805,4.805,4.805,4.805,0
BB,2020-09-11T14:00:00Z,4.775,4.81,4.74,4.77,12733
BB,2020-09-11T15:00:00Z,4.77,4.835,4.765,4.765,2794
BB,2020-09-11T16:00:00Z,4.765,4.775,4.725,4.735,2651
BB,2020-09-11T17:00:00Z,4.735,4.745,4.68,4.695,1394
BB,2020-09-11T18:00:00Z,4.695,4.72,4.68,4.705,1863
BB,2020-09-11T19:00:00Z,4.7,4.75,4.68,4.75,6678
BB,2020-09-11T20:00:00Z,4.75,4.75,4.75,4.75,0
BB,2020-09-14T14:00:00Z,4.825,4.895,4.795,4.88,6022
BB,2020-09-14T15:00:00Z,4.88,4.89,4.815,4.84,4857
BB,2020-09-14T16:00:00Z,4.835,4.865,4.805,4.86,5437
BB,2020-09-14T17:00:00Z,4.855,4.875,4.815,4.84,3401
BB,2020-09-14T18:00:00Z,4.84,4.855,4.785,4.82,6895
BB,2020-09-14T19:00:00Z,4.815,4.84,4.78,4.825,7123
BB,2020-09-14T20:00:00Z,4.825,4.825,4.825,4.825,0
BB,2020-09-15T14:00:00Z,4.855,4.88,4.805,4.87,4169
BB,2020-09-15T15:00:00Z,4.875,4.875,4.83,4.835,2420
BB,2020-09-15T16:00:00Z,4.84,4.86,4.835,4.85,1100
BB,2020-09-15T17:00:00Z,4.85,4.87,4.845,4.85,8947
BB,2020-09-15T18:00:00Z,4.85,4.85,4.785,4.8,15111
BB,2020-09-15T19:00:00Z,4.8,4.82,4.79,4.815,6904
BB,2020-09-15T20:00:00Z,4.815,4.815,4.815,4.815,0
BB,2020-09-16T14:00:00Z,4.805,4.815,4.76,4.785,4155
BB,2020-09-16T15:00:00Z,4.78,4.845,4.775,4.78,13638
BB,2020-09-16T16:00:00Z,4.78,4.815,4.765,4.775,5412
BB,2020-09-16T17:00:00Z,4.775,4.795,4.755,4.765,2700
BB,2020-09-16T18:00:00Z,4.77,4.795,4.76,4.775,4800
BB,2020-09-16T19:00:00Z,4.775,4.785,4.73,4.735,12626
BB,2020-09-16T20:00:00Z,4.735,4.735,4.735,4.735,0
BB,2020-09-17T14:00:00Z,4.665,4.725,4.66,4.685,4089
BB,2020-09-17T15:00:00Z,4.685,4.725,4.655,4.66,2010
BB,2020-09-17T16:00:00Z,4.66,4.69,4.63,4.67,1210
BB,2020-09-17T17:00:00Z,4.67,4.71,4.665,4.69,2300
BB,2020-09-17T18:00:00Z,4.69,4.73,4.685,4.715,2192
BB,2020-09-17T19:00:00Z,4.71,4.735,4.68,4.725,4342
BB,2020-09-17T20:00:00Z,4.725,4.725,4.725,4.725,0
BB,2020-09-18T14:00:00Z,4.745,4.8,4.725,4.745,1500
BB,2020-09-18T15:00:00Z,4.74,4.755,4.715,4.725,1400
BB,2020-09-18T16:00:00Z,4.725,4.75,4.685,4.715,500
BB,2020-09-18T17:00:00Z,4.715,4.74,4.68,4.73,2600
BB,2020-09-18T18:00:00Z,4.73,4.81,4.715,4.81,3215
BB,2020-09-18T19:00:00Z,4.81,4.89,4.81,4.855,7233
BB,2020-09-18T20:00:00Z,4.855,4.855,4.855,4.855,0
BB,2020-09-21T14:00:00Z,4.785,4.795,4.665,4.685,1707
BB,2020-09-21T15:00:00Z,4.685,4.74,4.665,4.71,2531
BB,2020-09-21T16:00:00Z,4.71,4.77,4.705,4.75,1075
BB,2020-09-21T17:00:00Z,4.75,4.775,4.73,4.745,1266
BB,2020-09-21T18:00:00Z,4.745,4.75,4.715,4.75,121
BB,2020-09-21T19:00:00Z,4.75,4.775,4.735,4.775,3385
BB,2020-09-21T20:00:00Z,4.775,4.775,4.775,4.775,0
BB,2020-09-22T14:00:00Z,4.835,4.85,4.765,4.785,3347
BB,2020-09-22T15:00:00Z,4.785,4.84,4.775,4.835,255
BB,2020-09-22T16:00:00Z,4.84,4.87,4.805,4.83,1254
BB,2020-09-22T17:00:00Z,4.835,4.9,4.82,4.9,1220
BB,2020-09-22T18:00:00Z,4.9,4.925,4.885,4.92,3176
BB,2020-09-22T19:00:00Z,4.92,4.955,4.92,4.935,1990
BB,2020-09-22T20:00:00Z,4.935,4.935,4.935,4.935,0
BB,2020-09-23T14:00:00Z,4.88,4.905,4.825,4.865,2803
BB,2020-09-23T15:00:00Z,4.875,4.9,4.82,4.825,5010
BB,2020-09-23T16:00:00Z,4.825,4.875,4.82,4.845,1010
BB,2020-09-23T17:00:00Z,4.84,4.845,4.81,4.815,1020
BB,2020-09-23T18:00:00Z,4.82,4.82,4.78,4.8,2935
BB,2020-09-23T19:00:00Z,4.8,4.815,4.765,4.795,10097
BB,2020-09-23T20:00:00Z,4.795,4.795,4.795,4.795,0
BB,2020-09-24T14:00:00Z,5.125,5.26,5.015,5.095,24612
BB,2020-09-24T15:00:00Z,5.085,5.25,5.08,5.235,16435
BB,2020-09-24T16:00:00Z,5.24,5.245,5.025,5.055,7750
BB,2020-09-24T17:00:00Z,5.055,5.085,4.935,4.95,24519
BB,2020-09-24T18:00:00Z,4.945,4.955,4.8,4.815,70962
BB,2020-09-24T19:00:00Z,4.815,4.835,4.71,4.75,43295
BB,2020-09-24T20:00:00Z,4.75,4.75,4.75,4.75,0
BB,2020-09-25T14:00:00Z,4.825,4.835,4.71,4.755,16347
BB,2020-09-25T15:00:00Z,4.76,4.775,4.695,4.71,3019
BB,2020-09-25T16:00:00Z,4.71,4.715,4.675,4.705,3559
BB,2020-09-25T17:00:00Z,4.705,4.71,4.67,4.69,2801
BB,2020-09-25T18:00:00Z,4.69,4.735,4.69,4.73,15000
BB,2020-09-25T19:00:00Z,4.73,4.77,4.72,4.765,8946
BB,2020-09-25T20:00:00Z,4.765,4.765,4.765,4.765,0
BB,2020-09-28T14:00:00Z,4.755,4.805,4.67,4.685,12589
BB,2020-09-28T15:00:00Z,4.69,4.725,4.66,4.67,19834
BB,2020-09-28T16:00:00Z,4.67,4.675,4.615,4.655,18607
BB,2020-09-28T17:00:00Z,4.655,4.655,4.605,4.61,18327
BB,2020-09-28T18:00:00Z,4.61,4.655,4.61,4.645,7726
BB,2020-09-28T19:00:00Z,4.645,4.645,4.605,4.625,14058
BB,2020-09-28T20:00:00Z,4.625,4.625,4.625,4.625,0
BB,2020-09-29T14:00:00Z,4.59,4.665,4.55,4.565,13387
BB,2020-09-29T15:00:00Z,4.565,4.655,4.55,4.65,2754
BB,2020-09-29T16:00:00Z,4.65,4.685,4.62,4.64,2800
BB,2020-09-29T17:00:00Z,4.645,4.665,4.6,4.65,10800
BB,2020-09-29T18:00:00Z,4.65,4.685,4.64,4.665,2780
BB,2020-09-29T19:00:00Z,4.67,4.68,4.63,4.645,11045
BB,2020-09-29T20:00:00Z,4.645,4.645,4.645,4.645,0
BB,2020-09-30T14:00:00Z,4.7,4.765,4.665,4.69,17782
BB,2020-09-30T15:00:00Z,4.69,4.73,4.67,4.69,7979
BB,2020-09-30T16:00:00Z,4.69,4.7,4.615,4.64,8582
BB,2020-09-30T17:00:00Z,4.64,4.67,4.62,4.64,6104
BB,2020-09-30T18:00:00Z,4.64,4.655,4.605,4.625,8111
BB,2020-09-30T19:00:00Z,4.625,4.635,4.575,4.585,36531
BB,2020-09-30T20:00:00Z,4.585,4.585,4.585,4.585,0
BB,2020-10-01T14:00:00Z,4.58,4.595,4.525,4.565,8451
BB,2020-10-01T15:00:00Z,4.565,4.615,4.55,4.585,19354
BB,2020-10-01T16:00:00Z,4.585,4.6,4.555,4.59,9857
BB,2020-10-01T17:00:00Z,4.595,4.62,4.59,4.605,3712
BB,2020-10-01T18:00:00Z,4.605,4.615,4.585,4.6,23030
BB,2020-10-01T19:00:00Z,4.6,4.62,4.575,4.595,19038
BB,2020-10-01T20:00:00Z,4.595,4.595,4.595,4.595,0
BB,2020-10-02T14:00:00Z,4.405,4.495,4.4,4.435,7320
BB,2020-10-02T15:00:00Z,4.435,4.45,4.395,4.405,5236
BB,2020-10-02T16:00:00Z,4.405,4.435,4.38,4.415,7704
BB,2020-10-02T17:00:00Z,4.42,4.43,4.4,4.415,2063
BB,2020-10-02T18:00:00Z,4.41,4.455,4.41,4.455,6718
BB,2020-10-02T19:00:00Z,4.45,4.47,4.435,4.435,7552
BB,2020-10-02T20:00:00Z,4.435,4.435,4.435,4.435,0
BB,2020-10-05T14:00:00Z,4.46,4.49,4.445,4.455,11030
BB,2020-10-05T15:00:00Z,4.45,4.45,4.425,4.44,7840
BB,2020-10-05T16:00:00Z,4.44,4.5,4.44,4.495,6387
BB,2020-10-05T17:00:00Z,4.49,4.5,4.47,4.47,4693
BB,2020-10-05T18:00:00Z,4.47,4.485,4.46,4.48,4727
BB,2020-10-05T19:00:00Z,4.48,4.51,4.48,4.495,14813
BB,2020-10-05T20:00:00Z,4.495,4.495,4.495,4.495,0
BB,2020-10-06T14:00:00Z,4.54,4.61,4.535,4.575,9377
BB,2020-10-06T15:00:00Z,4.58,4.595,4.54,4.555,5916
BB,2020-10-06T16:00:00Z,4.555,4.61,4.555,4.6,4369
BB,2020-10-06T17:00:00Z,4.6,4.665,4.6,4.66,6462
BB,2020-10-06T18:00:00Z,4.66,4.675,4.57,4.585,5958
BB,2020-10-06T19:00:00Z,4.58,4.59,4.53,4.545,12565
BB,2020-10-06T20:00:00Z,4.545,4.545,4.545,4.545,0
BB,2020-10-07T14:00:00Z,4.585,4.595,4.52,4.525,1300
BB,2020-10-07T15:00:00Z,4.53,4.56,4.525,4.56,3400
BB,2020-10-07T16:00:00Z,4.555,4.59,4.555,4.57,1860
BB,2020-10-07T17:00:00Z,4.57,4.59,4.57,4.58,1600
BB,2020-10-07T18:00:00Z,4.58,4.59,4.555,4.58,759
BB,2020-10-07T19:00:00Z,4.58,4.59,4.57,4.58,2012
BB,2020-10-07T20:00:00Z,4.58,4.58,4.58,4.58,0
BB,2020-10-08T14:00:00Z,4.6,4.6,4.54,4.585,1621
BB,2020-10-08T15:00:00Z,4.59,4.595,4.55,4.565,2100
BB,2020-10-08T16:00:00Z,4.57,4.585,4.57,4.575,1117
BB,2020-10-08T17:00:00Z,4.575,4.575,4.56,4.565,749
BB,2020-10-08T18:00:00Z,4.565,4.595,4.56,4.58,1850
BB,2020-10-08T19:00:00Z,4.585,4.62,4.575,4.61,9152
BB,2020-10-08T20:00:00Z,4.61,4.61,4.61,4.61,0
BB,2020-10-09T14:00:00Z,4.65,4.685,4.62,4.675,2303
BB,2020-10-09T15:00:00Z,4.675,4.7,4.655,4.685,2564
BB,2020-10-09T16:00:00Z,4.685,4.69,4.67,4.685,871
BB,2020-10-09T17:00:00Z,4.685,4.69,4.67,4.685,850
BB,2020-10-09T18:00:00Z,4.685,4.725,4.685,4.715,6120
BB,2020-10-09T19:00:00Z,4.71,4.74,4.71,4.735,3492
BB,2020-10-09T20:00:00Z,4.735,4.735,4.735,4.735,0
BB,2020-10-12T14:00:00Z,4.82,4.825,4.765,4.785,2208
BB,2020-10-12T15:00:00Z,4.785,4.805,4.755,4.795,4117
BB,2020-10-12T16:00:00Z,4.795,4.805,4.77,4.795,4501
BB,2020-10-12T17:00:00Z,4.795,4.805,4.775,4.785,5867
BB,2020-10-12T18:00:00Z,4.785,4.795,4.745,4.755,1563
BB,2020-10-12T19:00:00Z,4.765,4.775,4.735,4.745,3117
BB,2020-10-12T20:00:00Z,4.745,4.745,4.745,4.745,0
BB,2020-10-13T14:00:00Z,5.04,5.235,5.005,5.17,18179
BB,2020-10-13T15:00:00Z,5.165,5.23,5.075,5.1,12903
BB,2020-10-13T16:00:00Z,5.105,5.2,5.095,5.185,7742
BB,2020-10-13T17:00:00Z,5.19,5.21,5.165,5.17,7043
BB,2020-10-13T18:00:00Z,5.17,5.17,5.1,5.13,12637
BB,2020-10-13T19:00:00Z,5.13,5.155,5.13,5.14,17817
BB,2020-10-13T20:00:00Z,5.14,5.14,5.14,5.14,0
BB,2020-10-14T14:00:00Z,5.15,5.215,5.125,5.185,5951
BB,2020-10-14T15:00:00Z,5.19,5.245,5.15,5.15,11228
BB,2020-10-14T16:00:00Z,5.15,5.15,5.035,5.035,12337
BB,2020-10-14T17:00:00Z,5.035,5.1,5.025,5.075,2265
BB,2020-10-14T18:00:00Z,5.075,5.085,5.03,5.07,8461
BB,2020-10-14T19:00:00Z,5.07,5.1,5.06,5.09,12100
BB,2020-10-14T20:00:00Z,5.09,5.09,5.09,5.09,0
BB,2020-10-15T14:00:00Z,5.13,5.135,5.045,5.075,5071
BB,2020-10-15T15:00:00Z,5.07,5.095,5.055,5.085,1675
BB,2020-10-15T16:00:00Z,5.08,5.09,5.04,5.045,6106
BB,2020-10-15T17:00:00Z,5.045,5.125,5.045,5.12,1308
BB,2020-10-15T18:00:00Z,5.125,5.145,5.085,5.095,10809
BB,2020-10-15T19:00:00Z,5.095,5.17,5.08,5.15,30147
BB,2020-10-15T20:00:00Z,5.15,5.15,5.15,5.15,0
BB,2020-10-16T14:00:00Z,5.165,5.215,5.135,5.145,8616
BB,2020-10-16T15:00:00Z,5.145,5.195,5.13,5.19,8217
BB,2020-10-16T16:00:00Z,5.19,5.195,5.14,5.155,5101
BB,2020-10-16T17:00:00Z,5.155,5.17,5.1,5.115,7130
BB,2020-10-16T18:00:00Z,5.115,5.15,5.1,5.14,13768
BB,2020-10-16T19:00:00Z,5.135,5.14,4.97,4.99,31174
BB,2020-10-16T20:00:00Z,4.99,4.99,4.99,4.99,0
BB,2020-10-19T14:00:00Z,5.11,5.125,5.055,5.115,4625
BB,2020-10-19T15:00:00Z,5.115,5.15,5.11,5.135,2566
BB,2020-10-19T16:00:00Z,5.13,5.185,5.13,5.17,3400
BB,2020-10-19T17:00:00Z,5.175,5.21,5.17,5.21,2157
BB,2020-10-19T18:00:00Z,5.21,5.21,5.12,5.135,4075
BB,2020-10-19T19:00:00Z,5.135,5.19,5.1,5.19,40935
BB,2020-10-19T20:00:00Z,5.19,5.19,5.19,5.19,0
BB,2020-10-20T14:00:00Z,5.155,5.165,5.065,5.115,28435
BB,2020-10-20T15:00:00Z,5.11,5.13,5.07,5.08,6895
BB,2020-10-20T16:00:00Z,5.08,5.11,5.075,5.09,4699
BB,2020-10-20T17:00:00Z,5.095,5.17,5.09,5.14,17146
BB,2020-10-20T18:00:00Z,5.14,5.175,5.12,5.12,6204
BB,2020-10-20T19:00:00Z,5.12,5.13,5.075,5.08,12007
BB,2020-10-20T20:00:00Z,5.08,5.08,5.08,5.08,0
BB,2020-10-21T14:00:00Z,5.07,5.095,5.04,5.04,5609
BB,2020-10-21T15:00:00Z,5.04,5.055,5.01,5.03,5626
BB,2020-10-21T16:00:00Z,5.03,5.055,5.005,5.01,2822
BB,2020-10-21T17:00:00Z,5.005,5.06,5,5.05,1320
BB,2020-10-21T18:00:00Z,5.045,5.08,5.02,5.07,1697
BB,2020-10-21T19:00:00Z,5.065,5.14,5.04,5.105,53263
BB,2020-10-21T20:00:00Z,5.105,5.105,5.105,5.105,0
BB,2020-10-22T14:00:00Z,5.055,5.065,4.965,5.025,5293
BB,2020-10-22T15:00:00Z,5.02,5.065,5.005,5.055,1934
BB,2020-10-22T16:00:00Z,5.05,5.075,5.035,5.07,1621
BB,2020-10-22T17:00:00Z,5.075,5.095,5.05,5.09,1223
BB,2020-10-22T18:00:00Z,5.095,5.1,5.08,5.09,4451
BB,2020-10-22T19:00:00Z,5.09,5.135,5.08,5.12,32744
BB,2020-10-22T20:00:00Z,5.12,5.12,5.12,5.12,0
BB,2020-10-23T14:00:00Z,5.02,5.095,4.995,5.065,10240
BB,2020-10-23T15:00:00Z,5.065,5.07,5.025,5.035,4395
BB,2020-10-23T16:00:00Z,5.03,5.045,5.02,5.035,1746
BB,2020-10-23T17:00:00Z,5.035,5.06,5.035,5.05,1214
BB,2020-10-23T18:00:00Z,5.055,5.075,5.05,5.06,1100
BB,2020-10-23T19:00:00Z,5.06,5.12,5.055,5.11,19053
BB,2020-10-23T20:00:00Z,5.11,5.11,5.11,5.11,0
BB,2020-10-26T14:00:00Z,5.035,5.04,4.905,4.915,6203
BB,2020-10-26T15:00:00Z,4.91,4.935,4.88,4.885,5927
BB,2020-10-26T16:00:00Z,4.88,4.9,4.855,4.87,4778
BB,2020-10-26T17:00:00Z,4.87,4.91,4.855,4.9,1471
BB,2020-10-26T18:00:00Z,4.9,4.935,4.89,4.925,596
BB,2020-10-26T19:00:00Z,4.925,4.94,4.855,4.875,17385
BB,2020-10-26T20:00:00Z,4.875,4.875,4.875,4.875,0
BB,2020-10-27T14:00:00Z,4.88,4.93,4.855,4.925,3301
BB,2020-10-27T15:00:00Z,4.925,4.93,4.865,4.905,6690
BB,2020-10-27T16:00:00Z,4.91,4.91,4.855,4.86,999
BB,2020-10-27T17:00:00Z,4.855,4.895,4.85,4.89,495
BB,2020-10-27T18:00:00Z,4.89,4.89,4.85,4.86,355
BB,2020-10-27T19:00:00Z,4.86,4.865,4.84,4.855,5473
BB,2020-10-27T20:00:00Z,4.855,4.855,4.855,4.855,0
BB,2020-10-28T14:00:00Z,4.705,4.715,4.61,4.62,10655
BB,2020-10-28T15:00:00Z,4.62,4.685,4.62,4.635,7151
BB,2020-10-28T16:00:00Z,4.64,4.685,4.63,4.655,12195
BB,2020-10-28T17:00:00Z,4.66,4.66,4.62,4.635,4368
BB,2020-10-28T18:00:00Z,4.63,4.635,4.6,4.625,6832
BB,2020-10-28T19:00:00Z,4.62,4.63,4.56,4.565,10313
BB,2020-10-28T20:00:00Z,4.565,4.565,4.565,4.565,0
BB,2020-10-29T14:00:00Z,4.585,4.625,4.565,4.6,1853
BB,2020-10-29T15:00:00Z,4.6,4.625,4.56,4.57,610
BB,2020-10-29T16:00:00Z,4.57,4.59,4.54,4.54,617
BB,2020-10-29T17:00:00Z,4.545,4.585,4.53,4.58,914
BB,2020-10-29T18:00:00Z,4.58,4.62,4.58,4.59,1239
BB,2020-10-29T19:00:00Z,4.59,4.62,4.585,4.605,13835
BB,2020-10-29T20:00:00Z,4.605,4.605,4.605,4.605,0
BB,2020-10-30T14:00:00Z,4.535,4.585,4.44,4.45,4473
BB,2020-10-30T15:00:00Z,4.46,4.495,4.44,4.47,4510
BB,2020-10-30T16:00:00Z,4.465,4.53,4.46,4.46,1378
BB,2020-10-30T17:00:00Z,4.465,4.48,4.45,4.465,1000
BB,2020-10-30T18:00:00Z,4.455,4.49,4.45,4.455,1100
BB,2020-10-30T19:00:00Z,4.45,4.5,4.45,4.5,4023
BB,2020-10-30T20:00:00Z,4.5,4.5,4.5,4.5,0
BB,2020-11-02T15:00:00Z,4.52,4.535,4.48,4.525,12421
BB,2020-11-02T16:00:00Z,4.53,4.53,4.48,4.495,6400
BB,2020-11-02T17:00:00Z,4.495,4.515,4.485,4.515,4538
BB,2020-11-02T18:00:00Z,4.51,4.515,4.455,4.46,3827
BB,2020-11-02T19:00:00Z,4.46,4.49,4.455,4.485,9206
BB,2020-11-02T20:00:00Z,4.49,4.5,4.47,4.475,5414
BB,2020-11-02T21:00:00Z,4.475,4.475,4.475,4.475,0
BB,2020-11-03T15:00:00Z,4.59,4.625,4.565,4.615,601
BB,2020-11-03T16:00:00Z,4.62,4.64,4.61,4.63,11831
BB,2020-11-03T17:00:00Z,4.63,4.645,4.61,4.63,4393
BB,2020-11-03T18:00:00Z,4.63,4.635,4.59,4.62,1900
BB,2020-11-03T19:00:00Z,4.62,4.695,4.62,4.68,2695
BB,2020-11-03T20:00:00Z,4.68,4.685,4.65,4.665,3221
BB,2020-11-03T21:00:00Z,4.665,4.665,4.665,4.665,0
BB,2020-11-04T15:00:00Z,4.62,4.735,4.62,4.73,17312
BB,2020-11-04T16:00:00Z,4.73,4.74,4.68,4.735,12200
BB,2020-11-04T17:00:00Z,4.735,4.755,4.705,4.71,10676
BB,2020-11-04T18:00:00Z,4.71,4.72,4.665,4.695,9918
BB,2020-11-04T19:00:00Z,4.7,4.72,4.64,4.665,12861
BB,2020-11-04T20:00:00Z,4.665,4.69,4.645,4.67,12562
BB,2020-11-04T21:00:00Z,4.67,4.67,4.67,4.67,0
BB,2020-11-05T15:00:00Z,4.77,4.83,4.765,4.825,2622
BB,2020-11-05T16:00:00Z,4.825,4.885,4.82,4.84,5129
BB,2020-11-05T17:00:00Z,4.84,4.89,4.835,4.885,6089
BB,2020-11-05T18:00:00Z,4.89,4.92,4.87,4.885,2611
BB,2020-11-05T19:00:00Z,4.905,4.905,4.845,4.875,2062
BB,2020-11-05T20:00:00Z,4.875,4.875,4.845,4.865,10379
BB,2020-11-05T21:00:00Z,4.865,4.865,4.865,4.865,0
BB,2020-11-06T15:00:00Z,4.855,4.885,4.825,4.85,3187
BB,2020-11-06T16:00:00Z,4.85,4.865,4.815,4.85,3609
BB,2020-11-06T17:00:00Z,4.85,4.88,4.805,4.805,2747
BB,2020-11-06T18:00:00Z,4.81,4.885,4.805,4.84,3565
BB,2020-11-06T19:00:00Z,4.84,4.885,4.815,4.82,5370
BB,2020-11-06T20:00:00Z,4.82,4.855,4.81,4.835,2822
BB,2020-11-06T21:00:00Z,4.835,4.835,4.835,4.835,0
BB,2020-11-09T15:00:00Z,5.015,5.055,4.985,5.025,6552
BB,2020-11-09T16:00:00Z,5.02,5.03,4.95,4.985,13235
BB,2020-11-09T17:00:00Z,4.985,4.995,4.965,4.985,9682
BB,2020-11-09T18:00:00Z,4.985,4.995,4.97,4.985,8281
BB,2020-11-09T19:00:00Z,4.99,4.99,4.955,4.99,8656
BB,2020-11-09T20:00:00Z,4.99,4.995,4.93,4.935,25194
BB,2020-11-09T21:00:00Z,4.935,4.935,4.935,4.935,0
BB,2020-11-10T15:00:00Z,4.915,4.95,4.84,4.9,5282
BB,2020-11-10T16:00:00Z,4.9,5,4.875,4.96,5650
BB,2020-11-10T17:00:00Z,4.955,5,4.945,4.98,5022
BB,2020-11-10T18:00:00Z,4.98,4.995,4.945,4.975,980
BB,2020-11-10T19:00:00Z,4.98,5.005,4.96,4.995,46
BB,2020-11-10T20:00:00Z,4.99,5.025,4.985,5.02,8012
BB,2020-11-10T21:00:00Z,5.02,5.02,5.02,5.02,0
BB,2020-11-11T15:00:00Z,5.03,5.05,5,5.05,1406
BB,2020-11-11T16:00:00Z,5.045,5.115,5.02,5.1,1605
BB,2020-11-11T17:00:00Z,5.095,5.1,5.045,5.055,5315
BB,2020-11-11T18:00:00Z,5.05,5.215,5.045,5.2,21606
BB,2020-11-11T19:00:00Z,5.205,5.225,5.15,5.16,10126
BB,2020-11-11T20:00:00Z,5.165,5.205,5.15,5.2,7466
BB,2020-11-11T21:00:00Z,5.2,5.2,5.2,5.2,0
BB,2020-11-12T15:00:00Z,5.175,5.185,5.085,5.11,1645
BB,2020-11-12T16:00:00Z,5.115,5.155,5.065,5.08,1202
BB,2020-11-12T17:00:00Z,5.08,5.105,5.01,5.025,1805
BB,2020-11-12T18:00:00Z,5.025,5.06,5.01,5.045,600
BB,2020-11-12T19:00:00Z,5.04,5.055,4.99,5.005,1833
BB,2020-11-12T20:00:00Z,5.005,5.015,4.975,5,1928
BB,2020-11-12T21:00:00Z,5,5,5,5,0
BB,2020-11-13T15:00:00Z,5.09,5.105,5.055,5.06,5030
BB,2020-11-13T16:00:00Z,5.065,5.115,5.055,5.11,1605
BB,2020-11-13T17:00:00Z,5.11,5.11,5.08,5.11,110
BB,2020-11-13T18:00:00Z,5.11,5.12,5.08,5.08,600
BB,2020-11-13T19:00:00Z,5.08,5.12,5.075,5.115,756
BB,2020-11-13T20:00:00Z,5.115,5.155,5.09,5.1,23570
BB,2020-11-13T21:00:00Z,5.1,5.1,5.1,5.1,0
BB,2020-11-16T15:00:00Z,5.17,5.205,5.14,5.205,7466
BB,2020-11-16T16:00:00Z,5.205,5.22,5.19,5.215,7368
BB,2020-11-16T17:00:00Z,5.21,5.23,5.195,5.21,5302
BB,2020-11-16T18:00:00Z,5.21,5.23,5.17,5.2,5561
BB,2020-11-16T19:00:00Z,5.2,5.205,5.15,5.16,12953
BB,2020-11-16T20:00:00Z,5.155,5.205,5.15,5.2,17463
BB,2020-11-16T21:00:00Z,5.2,5.2,5.2,5.2,0
BB,2020-11-17T15:00:00Z,5.185,5.215,5.16,5.185,11210
BB,2020-11-17T16:00:00Z,5.185,5.2,5.145,5.175,6426
BB,2020-11-17T17:00:00Z,5.17,5.305,5.165,5.275,18500
BB,2020-11-17T18:00:00Z,5.28,5.295,5.25,5.27,11175
BB,2020-11-17T19:00:00Z,5.27,5.3,5.27,5.295,4973
BB,2020-11-17T20:00:00Z,5.29,5.3,5.255,5.295,25277
BB,2020-11-17T21:00:00Z,5.295,5.295,5.295,5.295,0
BB,2020-11-18T15:00:00Z,5.41,5.465,5.385,5.43,7478
BB,2020-11-18T16:00:00Z,5.435,5.495,5.405,5.495,2410
BB,2020-11-18T17:00:00Z,5.495,5.6,5.495,5.595,8190
BB,2020-11-18T18:00:00Z,5.595,5.615,5.515,5.53,11629
BB,2020-11-18T19:00:00Z,5.525,5.54,5.48,5.48,4046
BB,2020-11-18T20:00:00Z,5.48,5.495,5.435,5.44,5956
BB,2020-11-18T21:00:00Z,5.44,5.44,5.44,5.44,0
BB,2020-11-19T15:00:00Z,5.38,5.385,5.305,5.38,6098
BB,2020-11-19T16:00:00Z,5.38,5.395,5.355,5.395,11622
BB,2020-11-19T17:00:00Z,5.395,5.395,5.32,5.345,13501
BB,2020-11-19T18:00:00Z,5.35,5.37,5.33,5.36,11200
BB,2020-11-19T19:00:00Z,5.36,5.38,5.32,5.37,10280
BB,2020-11-19T20:00:00Z,5.37,5.39,5.345,5.345,18736
BB,2020-11-19T21:00:00Z,5.345,5.345,5.345,5.345,0
BB,2020-11-20T15:00:00Z,5.45,5.58,5.425,5.565,22039
BB,2020-11-20T16:00:00Z,5.565,5.62,5.545,5.62,5478
BB,2020-11-20T17:00:00Z,5.62,5.73,5.585,5.725,5495
BB,2020-11-20T18:00:00Z,5.725,5.735,5.65,5.715,5808
BB,2020-11-20T19:00:00Z,5.715,5.76,5.7,5.755,3008
BB,2020-11-20T20:00:00Z,5.76,5.77,5.71,5.76,32354
BB,2020-11-20T21:00:00Z,5.76,5.76,5.76,5.76,0
BB,2020-11-23T15:00:00Z,5.72,5.735,5.59,5.645,9772
BB,2020-11-23T16:00:00Z,5.64,5.67,5.6,5.665,4202
BB,2020-11-23T17:00:00Z,5.67,5.705,5.63,5.69,8301
BB,2020-11-23T18:00:00Z,5.695,5.725,5.65,5.655,3721
BB,2020-11-23T19:00:00Z,5.65,5.695,5.63,5.68,3931
BB,2020-11-23T20:00:00Z,5.68,5.685,5.65,5.655,10601
BB,2020-11-23T21:00:00Z,5.66,5.66,5.66,5.66,0
BB,2020-11-24T15:00:00Z,5.725,5.77,5.69,5.73,17643
BB,2020-11-24T16:00:00Z,5.73,5.745,5.695,5.72,14925
BB,2020-11-24T17:00:00Z,5.725,5.735,5.69,5.715,2460
BB,2020-11-24T18:00:00Z,5.715,5.74,5.69,5.69,16639
BB,2020-11-24T19:00:00Z,5.69,5.69,5.655,5.67,1987
BB,2020-11-24T20:00:00Z,5.67,5.705,5.665,5.685,9050
BB,2020-11-24T21:00:00Z,5.685,5.685,5.685,5.685,0
BB,2020-11-25T15:00:00Z,5.735,5.8,5.67,5.775,9801
BB,2020-11-25T16:00:00Z,5.77,5.845,5.765,5.84,28099
BB,2020-11-25T17:00:00Z,5.84,5.945,5.83,5.89,6903
BB,2020-11-25T18:00:00Z,5.895,5.92,5.83,5.835,2529
BB,2020-11-25T19:00:00Z,5.845,5.89,5.83,5.885,3924
BB,2020-11-25T20:00:00Z,5.885,5.915,5.875,5.91,11279
BB,2020-11-25T21:00:00Z,5.91,5.91,5.91,5.91,0
BB,2020-11-26T15:00:00Z,5.91,5.91,5.91,5.91,0
BB,2020-11-26T16:00:00Z,5.91,5.91,5.91,5.91,0
BB,2020-11-26T17:00:00Z,5.91,5.91,5.91,5.91,0
BB,2020-11-26T18:00:00Z,5.91,5.91,5.91,5.91,0
BB,2020-11-26T19:00:00Z,5.91,5.91,5.91,5.91,0
BB,2020-11-26T20:00:00Z,5.91,5.91,5.91,5.91,0
BB,2020-11-26T21:00:00Z,5.91,5.91,5.91,5.91,0
BB,2020-11-27T15:00:00Z,6.08,6.2,6.06,6.175,13706
BB,2020-11-27T16:00:00Z,6.175,6.175,6.095,6.105,1417
BB,2020-11-27T17:00:00Z,6.11,6.16,6.095,6.15,6189
BB,2020-11-27T18:00:00Z,6.15,6.15,6.15,6.15,0
BB,2020-11-27T19:00:00Z,6.15,6.15,6.15,6.15,0
BB,2020-11-27T20:00:00Z,6.15,6.15,6.15,6.15,0
BB,2020-11-27T21:00:00Z,6.15,6.15,6.15,6.15,0
BB,2020-11-30T15:00:00Z,5.99,6.02,5.815,5.88,12717
BB,2020-11-30T16:00:00Z,5.88,5.97,5.865,5.955,9104
BB,2020-11-30T17:00:00Z,5.955,5.995,5.93,5.985,20320
BB,2020-11-30T18:00:00Z,5.985,6.045,5.985,6,14505
BB,2020-11-30T19:00:00Z,6,6,5.915,5.955,9925
BB,2020-11-30T20:00:00Z,5.95,5.975,5.87,5.87,16552
BB,2020-11-30T21:00:00Z,5.87,5.87,5.87,5.87,0
BB,2020-12-01T15:00:00Z,7.785,8.665,7.695,8.57,363110
BB,2020-12-01T16:00:00Z,8.565,9.385,8.535,9.315,566383
BB,2020-12-01T17:00:00Z,9.325,9.69,8.58,8.94,417096
BB,2020-12-01T18:00:00Z,8.945,8.955,8.01,8.26,337583
BB,2020-12-01T19:00:00Z,8.265,8.275,7.11,7.19,625894
BB,2020-12-01T20:00:00Z,7.19,7.405,6.925,6.99,492975
BB,2020-12-01T21:00:00Z,6.99,6.99,6.99,6.99,0
BB,2020-12-02T15:00:00Z,7.995,8.415,7.755,7.765,391608
BB,2020-12-02T16:00:00Z,7.775,8.02,7.665,7.755,137831
BB,2020-12-02T17:00:00Z,7.755,7.92,7.65,7.68,83039
BB,2020-12-02T18:00:00Z,7.68,7.695,7.385,7.515,107012
BB,2020-12-02T19:00:00Z,7.515,7.545,7.145,7.225,139810
BB,2020-12-02T20:00:00Z,7.23,7.495,7.085,7.445,193899
BB,2020-12-02T21:00:00Z,7.445,7.445,7.445,7.445,0
BB,2020-12-03T15:00:00Z,7.235,7.555,7.21,7.33,79466
BB,2020-12-03T16:00:00Z,7.33,7.375,7.255,7.355,27676
BB,2020-12-03T17:00:00Z,7.345,7.37,7.29,7.31,24609
BB,2020-12-03T18:00:00Z,7.31,7.45,7.29,7.355,35787
BB,2020-12-03T19:00:00Z,7.35,7.435,7.345,7.38,28111
BB,2020-12-03T20:00:00Z,7.385,7.58,7.365,7.46,50222
BB,2020-12-03T21:00:00Z,7.46,7.46,7.46,7.46,0
BB,2020-12-04T15:00:00Z,7.695,7.79,7.585,7.695,64529
BB,2020-12-04T16:00:00Z,7.69,8.075,7.655,8.05,87159
BB,2020-12-04T17:00:00Z,8.05,8.2,7.955,8.135,104219
BB,2020-12-04T18:00:00Z,8.14,8.345,8.085,8.285,72131
BB,2020-12-04T19:00:00Z,8.28,8.495,8.255,8.445,123957
BB,2020-12-04T20:00:00Z,8.44,8.55,8.395,8.5,158674
BB,2020-12-04T21:00:00Z,8.5,8.5,8.5,8.5,0
BB,2020-12-07T15:00:00Z,8.43,8.755,8.315,8.66,193236
BB,2020-12-07T16:00:00Z,8.665,8.77,8.315,8.345,67467
BB,2020-12-07T17:00:00Z,8.34,8.37,8.255,8.29,21118
BB,2020-12-07T18:00:00Z,8.285,8.33,8.2,8.215,24511
BB,2020-12-07T19:00:00Z,8.21,8.255,8.115,8.205,32090
BB,2020-12-07T20:00:00Z,8.205,8.285,8.13,8.24,63172
BB,2020-12-07T21:00:00Z,8.24,8.24,8.24,8.24,0
BB,2020-12-08T15:00:00Z,8.51,8.72,8.4,8.585,44517
BB,2020-12-08T16:00:00Z,8.59,8.625,8.275,8.35,23636
BB,2020-12-08T17:00:00Z,8.35,8.445,8.305,8.395,15343
BB,2020-12-08T18:00:00Z,8.4,8.42,8.295,8.39,8477
BB,2020-12-08T19:00:00Z,8.39,8.515,8.36,8.495,15726
BB,2020-12-08T20:00:00Z,8.495,8.55,8.43,8.52,65759
BB,2020-12-08T21:00:00Z,8.52,8.52,8.52,8.52,0
BB,2020-12-09T15:00:00Z,8.46,8.61,8.37,8.545,34886
BB,2020-12-09T16:00:00Z,8.54,8.545,8.41,8.47,19841
BB,2020-12-09T17:00:00Z,8.475,8.485,8.31,8.335,24771
BB,2020-12-09T18:00:00Z,8.33,8.355,8.07,8.07,27324
BB,2020-12-09T19:00:00Z,8.075,8.33,8.055,8.285,33137
BB,2020-12-09T20:00:00Z,8.29,8.32,8.205,8.3,25766
BB,2020-12-09T21:00:00Z,8.3,8.3,8.3,8.3,0
BB,2020-12-10T15:00:00Z,8.305,8.34,8.19,8.285,13181
BB,2020-12-10T16:00:00Z,8.285,8.405,8.24,8.25,11931
BB,2020-12-10T17:00:00Z,8.25,8.335,8.205,8.285,7214
BB,2020-12-10T18:00:00Z,8.29,8.33,8.25,8.285,5403
BB,2020-12-10T19:00:00Z,8.29,8.335,8.245,8.285,4315
BB,2020-12-10T20:00:00Z,8.285,8.39,8.285,8.35,14811
BB,2020-12-10T21:00:00Z,8.35,8.35,8.35,8.35,0
BB,2020-12-11T15:00:00Z,8.2,8.24,8.025,8.03,22214
BB,2020-12-11T16:00:00Z,8.035,8.105,8.035,8.08,9655
BB,2020-12-11T17:00:00Z,8.085,8.095,7.96,8.04,12561
BB,2020-12-11T18:00:00Z,8.04,8.1,8,8.06,5919
BB,2020-12-11T19:00:00Z,8.055,8.16,8.045,8.155,8527
BB,2020-12-11T20:00:00Z,8.16,8.19,8.115,8.15,24938
BB,2020-12-11T21:00:00Z,8.15,8.15,8.15,8.15,0
BB,2020-12-14T15:00:00Z,8.46,8.565,8.365,8.385,33340
BB,2020-12-14T16:00:00Z,8.38,8.4,8.235,8.26,9292
BB,2020-12-14T17:00:00Z,8.26,8.275,8.185,8.215,7819
BB,2020-12-14T18:00:00Z,8.21,8.255,8.165,8.25,5231
BB,2020-12-14T19:00:00Z,8.25,8.265,8.165,8.25,5028
BB,2020-12-14T20:00:00Z,8.25,8.305,8.23,8.26,33278
BB,2020-12-14T21:00:00Z,8.26,8.26,8.26,8.26,0
BB,2020-12-15T15:00:00Z,8.135,8.175,8.08,8.135,23185
BB,2020-12-15T16:00:00Z,8.13,8.245,8.12,8.195,14146
BB,2020-12-15T17:00:00Z,8.19,8.24,8.14,8.205,14853
BB,2020-12-15T18:00:00Z,8.205,8.25,8.185,8.225,9572
BB,2020-12-15T19:00:00Z,8.225,8.285,8.185,8.27,17984
BB,2020-12-15T20:00:00Z,8.27,8.315,8.24,8.305,20753
BB,2020-12-15T21:00:00Z,8.305,8.305,8.305,8.305,0
BB,2020-12-16T15:00:00Z,8.265,8.285,8.17,8.265,13902
BB,2020-12-16T16:00:00Z,8.265,8.265,8.18,8.24,14169
BB,2020-12-16T17:00:00Z,8.24,8.255,8.19,8.24,12715
BB,2020-12-16T18:00:00Z,8.24,8.26,8.21,8.225,7862
BB,2020-12-16T19:00:00Z,8.23,8.275,8.195,8.26,12167
BB,2020-12-16T20:00:00Z,8.265,8.29,8.235,8.245,29845
BB,2020-12-16T21:00:00Z,8.245,8.245,8.245,8.245,0
BB,2020-12-17T15:00:00Z,8.155,8.175,8.045,8.065,40242
BB,2020-12-17T16:00:00Z,8.065,8.15,8.03,8.08,18162
BB,2020-12-17T17:00:00Z,8.085,8.145,8.085,8.11,6109
BB,2020-12-17T18:00:00Z,8.115,8.16,8.07,8.145,10440
BB,2020-12-17T19:00:00Z,8.15,8.155,8.095,8.11,12962
BB,2020-12-17T20:00:00Z,8.11,8.27,8.105,8.255,59084
BB,2020-12-17T21:00:00Z,8.255,8.255,8.255,8.255,0
BB,2020-12-18T15:00:00Z,8.255,8.255,7.305,7.335,77168
BB,2020-12-18T16:00:00Z,7.335,7.375,7.08,7.165,109945
BB,2020-12-18T17:00:00Z,7.16,7.29,7.145,7.16,64972
BB,2020-12-18T18:00:00Z,7.16,7.185,7.11,7.12,43253
BB,2020-12-18T19:00:00Z,7.12,7.125,6.98,7.005,50257
BB,2020-12-18T20:00:00Z,7,7.04,6.88,6.935,162103
BB,2020-12-18T21:00:00Z,6.935,6.935,6.935,6.935,0
BB,2020-12-21T15:00:00Z,7.075,7.155,6.995,7.12,27634
BB,2020-12-21T16:00:00Z,7.12,7.14,7.045,7.05,25606
BB,2020-12-21T17:00:00Z,7.055,7.105,7.015,7.08,105756
BB,2020-12-21T18:00:00Z,7.085,7.135,7.07,7.09,26444
BB,2020-12-21T19:00:00Z,7.085,7.145,7.075,7.145,25254
BB,2020-12-21T20:00:00Z,7.135,7.2,7.085,7.1,41089
BB,2020-12-21T21:00:00Z,7.1,7.1,7.1,7.1,0
BB,2020-12-22T15:00:00Z,7.125,7.16,7.05,7.09,27334
BB,2020-12-22T16:00:00Z,7.09,7.445,7.07,7.35,38304
BB,2020-12-22T17:00:00Z,7.355,7.36,7.205,7.23,19069
BB,2020-12-22T18:00:00Z,7.23,7.255,7.18,7.21,16242
BB,2020-12-22T19:00:00Z,7.21,7.24,7.175,7.235,19088
BB,2020-12-22T20:00:00Z,7.23,7.26,7.18,7.195,33709
BB,2020-12-22T21:00:00Z,7.195,7.195,7.195,7.195,0
BB,2020-12-23T15:00:00Z,7.18,7.28,7.145,7.23,13266
BB,2020-12-23T16:00:00Z,7.23,7.27,7.125,7.135,9789
BB,2020-12-23T17:00:00Z,7.135,7.175,7.12,7.15,5861
BB,2020-12-23T18:00:00Z,7.15,7.15,7.1,7.12,6687
BB,2020-12-23T19:00:00Z,7.12,7.165,7.11,7.12,5705
BB,2020-12-23T20:00:00Z,7.12,7.135,7.08,7.09,15479
BB,2020-12-23T21:00:00Z,7.09,7.09,7.09,7.09,0
BB,2020-12-24T15:00:00Z,7.23,7.245,7.06,7.06,6725
BB,2020-12-24T16:00:00Z,7.06,7.13,7.05,7.105,6708
BB,2020-12-24T17:00:00Z,7.105,7.155,7.065,7.065,9211
BB,2020-12-24T18:00:00Z,7.065,7.065,7.065,7.065,0
BB,2020-12-24T19:00:00Z,7.065,7.065,7.065,7.065,0
BB,2020-12-24T20:00:00Z,7.065,7.065,7.065,7.065,0
BB,2020-12-24T21:00:00Z,7.065,7.065,7.065,7.065,0
BB,2020-12-25T15:00:00Z,7.065,7.065,7.065,7.065,0
BB,2020-12-25T16:00:00Z,7.065,7.065,7.065,7.065,0
BB,2020-12-25T17:00:00Z,7.065,7.065,7.065,7.065,0
BB,2020-12-25T18:00:00Z,7.065,7.065,7.065,7.065,0
BB,2020-12-25T19:00:00Z,7.065,7.065,7.065,7.065,0
BB,2020-12-25T20:00:00Z,7.065,7.065,7.065,7.065,0
BB,2020-12-25T21:00:00Z,7.065,7.065,7.065,7.065,0
BB,2020-12-28T15:00:00Z,6.985,7.015,6.905,6.94,18997
BB,2020-12-28T16:00:00Z,6.945,6.945,6.85,6.89,18372
BB,2020-12-28T17:00:00Z,6.885,6.95,6.87,6.905,13224
BB,2020-12-28T18:00:00Z,6.9,6.94,6.88,6.91,16561
BB,2020-12-28T19:00:00Z,6.915,6.93,6.9,6.915,16372
BB,2020-12-28T20:00:00Z,6.91,6.94,6.875,6.89,15427
BB,2020-12-28T21:00:00Z,6.89,6.89,6.89,6.89,0
BB,2020-12-29T15:00:00Z,6.76,6.835,6.715,6.76,44890
BB,2020-12-29T16:00:00Z,6.76,6.795,6.72,6.77,28349
BB,2020-12-29T17:00:00Z,6.77,6.78,6.675,6.72,9513
BB,2020-12-29T18:00:00Z,6.72,6.755,6.685,6.735,12044
BB,2020-12-29T19:00:00Z,6.735,6.745,6.69,6.735,8632
BB,2020-12-29T20:00:00Z,6.73,6.78,6.71,6.77,22088
BB,2020-12-29T21:00:00Z,6.77,6.77,6.77,6.77,0
BB,2020-12-30T15:00:00Z,6.675,6.72,6.62,6.68,15824
BB,2020-12-30T16:00:00Z,6.68,6.685,6.6,6.61,9699
BB,2020-12-30T17:00:00Z,6.615,6.68,6.61,6.655,6737
BB,2020-12-30T18:00:00Z,6.655,6.72,6.645,6.67,8028
BB,2020-12-30T19:00:00Z,6.67,6.685,6.63,6.66,7970
BB,2020-12-30T20:00:00Z,6.655,6.67,6.62,6.665,33559
BB,2020-12-30T21:00:00Z,6.665,6.665,6.665,6.665,0
BB,2020-12-31T15:00:00Z,6.665,6.75,6.625,6.72,10635
BB,2020-12-31T16:00:00Z,6.72,6.73,6.64,6.665,13796
BB,2020-12-31T17:00:00Z,6.665,6.72,6.66,6.695,16747
BB,2020-12-31T18:00:00Z,6.7,6.71,6.655,6.685,6618
BB,2020-12-31T19:00:00Z,6.68,6.695,6.64,6.675,13176
BB,2020-12-31T20:00:00Z,6.675,6.68,6.63,6.635,22673
BB,2020-12-31T21:00:00Z,6.635,6.635,6.635,6.635,0
BB,2021-01-01T15:00:00Z,6.635,6.635,6.635,6.635,0
BB,2021-01-01T16:00:00Z,6.635,6.635,6.635,6.635,0
BB,2021-01-01T17:00:00Z,6.635,6.635,6.635,6.635,0
BB,2021-01-01T18:00:00Z,6.635,6.635,6.635,6.635,0
BB,2021-01-01T19:00:00Z,6.635,6.635,6.635,6.635,0
BB,2021-01-01T20:00:00Z,6.635,6.635,6.635,6.635,0
BB,2021-01-01T21:00:00Z,6.635,6.635,6.635,6.635,0
BB,2021-01-04T15:00:00Z,6.71,6.815,6.63,6.64,19606
BB,2021-01-04T16:00:00Z,6.64,6.715,6.605,6.635,14120
BB,2021-01-04T17:00:00Z,6.635,6.645,6.515,6.59,21274
BB,2021-01-04T18:00:00Z,6.595,6.7,6.58,6.69,14490
BB,2021-01-04T19:00:00Z,6.69,6.69,6.635,6.67,8905
BB,2021-01-04T20:00:00Z,6.67,6.685,6.57,6.585,28498
BB,2021-01-04T21:00:00Z,6.585,6.585,6.585,6.585,0
BB,2021-01-05T15:00:00Z,6.595,6.655,6.57,6.6,14480
BB,2021-01-05T16:00:00Z,6.605,6.68,6.585,6.645,12484
BB,2021-01-05T17:00:00Z,6.645,6.645,6.61,6.63,9175
BB,2021-01-05T18:00:00Z,6.63,6.74,6.63,6.73,7014
BB,2021-01-05T19:00:00Z,6.735,6.75,6.7,6.71,4939
BB,2021-01-05T20:00:00Z,6.71,6.8,6.7,6.77,19097
BB,2021-01-05T21:00:00Z,6.77,6.77,6.77,6.77,0
BB,2021-01-06T15:00:00Z,6.67,6.73,6.65,6.69,21970
BB,2021-01-06T16:00:00Z,6.695,6.715,6.66,6.69,12769
BB,2021-01-06T17:00:00Z,6.69,6.855,6.68,6.815,11569
BB,2021-01-06T18:00:00Z,6.815,6.9,6.785,6.875,5076
BB,2021-01-06T19:00:00Z,6.885,6.915,6.71,6.765,9847
BB,2021-01-06T20:00:00Z,6.76,6.765,6.68,6.715,73969
BB,2021-01-06T21:00:00Z,6.715,6.715,6.715,6.715,0
BB,2021-01-07T15:00:00Z,6.835,6.915,6.815,6.91,13242
BB,2021-01-07T16:00:00Z,6.91,7.045,6.905,6.93,17771
BB,2021-01-07T17:00:00Z,6.93,7.03,6.92,7.005,9334
BB,2021-01-07T18:00:00Z,7.01,7.03,6.95,6.985,10452
BB,2021-01-07T19:00:00Z,6.98,7.05,6.94,7.035,15046
BB,2021-01-07T20:00:00Z,7.035,7.115,7.03,7.065,50442
BB,2021-01-07T21:00:00Z,7.065,7.065,7.065,7.065,0
BB,2021-01-08T15:00:00Z,7.3,7.39,7.21,7.38,44447
BB,2021-01-08T16:00:00Z,7.38,7.635,7.38,7.63,28188
BB,2021-01-08T17:00:00Z,7.63,7.63,7.48,7.57,19928
BB,2021-01-08T18:00:00Z,7.575,7.58,7.355,7.45,30433
BB,2021-01-08T19:00:00Z,7.45,7.57,7.45,7.54,13894
BB,2021-01-08T20:00:00Z,7.54,7.575,7.51,7.55,47717
BB,2021-01-08T21:00:00Z,7.55,7.55,7.55,7.55,0
BB,2021-01-11T15:00:00Z,7.655,7.795,7.62,7.68,29055
BB,2021-01-11T16:00:00Z,7.68,7.695,7.59,7.635,30970
BB,2021-01-11T17:00:00Z,7.64,7.73,7.59,7.67,10520
BB,2021-01-11T18:00:00Z,7.67,7.69,7.62,7.64,10469
BB,2021-01-11T19:00:00Z,7.64,7.67,7.595,7.665,8827
BB,2021-01-11T20:00:00Z,7.67,7.67,7.6,7.65,35993
BB,2021-01-11T21:00:00Z,7.65,7.65,7.65,7.65,0
BB,2021-01-12T15:00:00Z,7.655,7.705,7.575,7.595,13471
BB,2021-01-12T16:00:00Z,7.6,7.625,7.535,7.545,8197
BB,2021-01-12T17:00:00Z,7.545,7.585,7.485,7.55,3825
BB,2021-01-12T18:00:00Z,7.555,7.59,7.53,7.575,6429
BB,2021-01-12T19:00:00Z,7.575,7.62,7.555,7.58,2995
BB,2021-01-12T20:00:00Z,7.58,7.64,7.57,7.62,15978
BB,2021-01-12T21:00:00Z,7.62,7.62,7.62,7.62,0
BB,2021-01-13T15:00:00Z,7.545,7.56,7.475,7.495,11283
BB,2021-01-13T16:00:00Z,7.495,7.53,7.42,7.47,14219
BB,2021-01-13T17:00:00Z,7.47,7.505,7.44,7.5,7845
BB,2021-01-13T18:00:00Z,7.5,7.5,7.425,7.44,7537
BB,2021-01-13T19:00:00Z,7.44,7.475,7.43,7.43,5241
BB,2021-01-13T20:00:00Z,7.43,7.455,7.405,7.435,14654
BB,2021-01-13T21:00:00Z,7.435,7.435,7.435,7.435,0
BB,2021-01-14T15:00:00Z,7.895,8.135,7.865,8.06,66885
BB,2021-01-14T16:00:00Z,8.065,8.63,8.025,8.495,104966
BB,2021-01-14T17:00:00Z,8.495,8.785,8.485,8.535,92088
BB,2021-01-14T18:00:00Z,8.54,8.94,8.52,8.845,75006
BB,2021-01-14T19:00:00Z,8.84,9.33,8.81,9.175,138802
BB,2021-01-14T20:00:00Z,9.18,9.255,8.945,9.085,112560
BB,2021-01-14T21:00:00Z,9.085,9.085,9.085,9.085,0
BB,2021-01-15T15:00:00Z,11.17,11.26,10.27,10.875,402566
BB,2021-01-15T16:00:00Z,10.87,10.9,10.195,10.305,249944
BB,2021-01-15T17:00:00Z,10.315,10.685,10.185,10.385,105755
BB,2021-01-15T18:00:00Z,10.385,10.455,10.035,10.135,102234
BB,2021-01-15T19:00:00Z,10.135,10.215,9.785,9.825,147663
BB,2021-01-15T20:00:00Z,9.82,9.895,9.4,9.83,220545
BB,2021-01-15T21:00:00Z,9.83,9.83,9.83,9.83,0
BB,2021-01-18T15:00:00Z,9.83,9.83,9.83,9.83,0
BB,2021-01-18T16:00:00Z,9.83,9.83,9.83,9.83,0
BB,2021-01-18T17:00:00Z,9.83,9.83,9.83,9.83,0
BB,2021-01-18T18:00:00Z,9.83,9.83,9.83,9.83,0
BB,2021-01-18T19:00:00Z,9.83,9.83,9.83,9.83,0
BB,2021-01-18T20:00:00Z,9.83,9.83,9.83,9.83,0
BB,2021-01-18T21:00:00Z,9.83,9.83,9.83,9.83,0
BB,2021-01-19T15:00:00Z,10.735,11.4,10.64,11.235,219531
BB,2021-01-19T16:00:00Z,11.235,11.695,11.235,11.625,194780
BB,2021-01-19T17:00:00Z,11.625,11.9,11.55,11.62,151866
BB,2021-01-19T18:00:00Z,11.625,11.865,11.45,11.765,98612
BB,2021-01-19T19:00:00Z,11.765,11.97,11.645,11.92,77726
BB,2021-01-19T20:00:00Z,11.925,12.385,11.915,12.335,202158
BB,2021-01-19T21:00:00Z,12.41,12.41,12.41,12.41,150
BB,2021-01-20T15:00:00Z,12.55,13.495,12.375,13.245,381154
BB,2021-01-20T16:00:00Z,13.235,13.25,12.665,13.025,170635
BB,2021-01-20T17:00:00Z,13.025,13.26,12.845,12.935,89373
BB,2021-01-20T18:00:00Z,12.94,13.075,12.685,12.815,83977
BB,2021-01-20T19:00:00Z,12.805,12.975,12.725,12.765,111761
BB,2021-01-20T20:00:00Z,12.765,12.835,12.555,12.79,142928
BB,2021-01-20T21:00:00Z,12.79,12.79,12.79,12.79,0
BB,2021-01-21T15:00:00Z,12.54,12.595,12.145,12.155,96763
BB,2021-01-21T16:00:00Z,12.16,12.4,12.01,12.375,97130
BB,2021-01-21T17:00:00Z,12.385,12.425,12.12,12.39,36469
BB,2021-01-21T18:00:00Z,12.385,12.44,12.23,12.415,34636
BB,2021-01-21T19:00:00Z,12.405,12.62,12.385,12.56,51770
BB,2021-01-21T20:00:00Z,12.565,12.91,12.535,12.82,88875
BB,2021-01-21T21:00:00Z,12.82,12.82,12.82,12.82,0
BB,2021-01-22T15:00:00Z,12.645,12.67,12.31,12.33,87339
BB,2021-01-22T16:00:00Z,12.325,12.515,12.26,12.5,73498
BB,2021-01-22T17:00:00Z,12.5,13.795,12.29,13.51,341154
BB,2021-01-22T18:00:00Z,13.515,14.195,13.08,13.97,509104
BB,2021-01-22T19:00:00Z,13.97,14.11,13.46,13.87,293612
BB,2021-01-22T20:00:00Z,13.875,14.28,13.865,14.02,385236
BB,2021-01-22T21:00:00Z,14.02,14.02,14.02,14.02,0
BB,2021-01-25T15:00:00Z,18.25,20.825,17.915,19.08,1315928
BB,2021-01-25T16:00:00Z,19.06,19.6,17.33,18.645,916028
BB,2021-01-25T17:00:00Z,18.67,18.975,16.17,16.655,686292
BB,2021-01-25T18:00:00Z,16.63,17.41,15.76,17.195,363841
BB,2021-01-25T19:00:00Z,17.19,18.585,17.08,17.94,1624345
BB,2021-01-25T20:00:00Z,17.92,18.3,17.5,18.045,564000
BB,2021-01-25T21:00:00Z,18.045,18.045,18.045,18.045,0
BB,2021-01-26T15:00:00Z,17.86,18.96,17.71,18.34,641375
BB,2021-01-26T16:00:00Z,18.345,18.78,17.26,17.3,197158
BB,2021-01-26T17:00:00Z,17.245,18.435,17.195,18.205,280451
BB,2021-01-26T18:00:00Z,18.215,18.41,17.82,17.85,176509
BB,2021-01-26T19:00:00Z,17.88,18.33,17.795,18.15,148907
BB,2021-01-26T20:00:00Z,18.145,18.935,18.08,18.775,455887
BB,2021-01-26T21:00:00Z,18.775,18.775,18.775,18.775,0
BB,2021-01-27T15:00:00Z,21.02,22.26,19.82,22.145,684506
BB,2021-01-27T16:00:00Z,22.185,22.91,21.61,21.685,719537
BB,2021-01-27T17:00:00Z,21.68,22.87,21.19,22.6,529753
BB,2021-01-27T18:00:00Z,22.605,28.27,22.59,28.21,908230
BB,2021-01-27T19:00:00Z,28.27,28.75,24.82,26.23,1226627
BB,2021-01-27T20:00:00Z,26.215,26.34,23.36,25.035,1095904
BB,2021-01-27T21:00:00Z,24.87,25.17,24.74,24.74,132
BB,2021-01-28T15:00:00Z,18.61,18.625,13.4,15.465,1205281
BB,2021-01-28T16:00:00Z,15.465,16.535,13.49,14.895,747748
BB,2021-01-28T17:00:00Z,14.88,16.49,14.87,15.73,360563
BB,2021-01-28T18:00:00Z,15.725,16.415,15.5,15.71,182857
BB,2021-01-28T19:00:00Z,15.715,15.79,14.615,15.315,213120
BB,2021-01-28T20:00:00Z,15.32,15.57,14.62,14.635,225355
BB,2021-01-28T21:00:00Z,14.635,14.635,14.635,14.635,0
BB,2021-01-29T15:00:00Z,16.18,16.395,15.4,16.09,159190
BB,2021-01-29T16:00:00Z,16.08,16.23,15.805,16.13,123772
BB,2021-01-29T17:00:00Z,16.14,16.15,14.42,15.09,163281
BB,2021-01-29T18:00:00Z,15.025,15.38,14.1,14.15,59679
BB,2021-01-29T19:00:00Z,14.14,14.715,13.7,14.18,169011
BB,2021-01-29T20:00:00Z,14.13,14.49,13.86,14.13,111686
BB,2021-01-29T21:00:00Z,14.13,14.13,14.13,14.13,0
BB,2021-02-01T15:00:00Z,13.225,13.68,13.17,13.59,246016
BB,2021-02-01T16:00:00Z,13.59,15.53,13.565,14.54,396544
BB,2021-02-01T17:00:00Z,14.535,14.895,14.17,14.785,209204
BB,2021-02-01T18:00:00Z,14.785,14.935,14.445,14.765,195818
BB,2021-02-01T19:00:00Z,14.77,14.985,14.61,14.805,206635
BB,2021-02-01T20:00:00Z,14.825,14.895,14.36,14.58,411306
BB,2021-02-01T21:00:00Z,14.58,14.58,14.58,14.58,0
BB,2021-02-02T15:00:00Z,12.805,12.81,11.09,11.545,432782
BB,2021-02-02T16:00:00Z,11.545,12.19,11.5,11.575,97598
BB,2021-02-02T17:00:00Z,11.58,12.215,11.5,12.21,37730
BB,2021-02-02T18:00:00Z,12.195,12.235,11.675,11.7,36626
BB,2021-02-02T19:00:00Z,11.68,12.08,11.66,11.775,40555
BB,2021-02-02T20:00:00Z,11.775,11.8,11.51,11.525,81190
BB,2021-02-02T21:00:00Z,11.525,11.525,11.525,11.525,0
BB,2021-02-03T15:00:00Z,11.47,11.68,11.085,11.535,102266
BB,2021-02-03T16:00:00Z,11.56,11.875,11.39,11.82,33807
BB,2021-02-03T17:00:00Z,11.82,12.47,11.78,11.97,45087
BB,2021-02-03T18:00:00Z,11.97,12.205,11.905,12.08,34510
BB,2021-02-03T19:00:00Z,12.08,12.16,11.935,12.005,19301
BB,2021-02-03T20:00:00Z,12.005,12.035,11.725,11.99,36789
BB,2021-02-03T21:00:00Z,11.99,11.99,11.99,11.99,0
BB,2021-02-04T15:00:00Z,11.775,11.985,11.55,11.675,77014
BB,2021-02-04T16:00:00Z,11.675,11.81,11.525,11.755,69639
BB,2021-02-04T17:00:00Z,11.76,12.03,11.72,11.975,72212
BB,2021-02-04T18:00:00Z,11.98,12.035,11.83,12.005,83190
BB,2021-02-04T19:00:00Z,12.005,12.28,11.91,12.205,108735
BB,2021-02-04T20:00:00Z,12.205,12.425,12.115,12.185,136222
BB,2021-02-04T21:00:00Z,12.185,12.185,12.185,12.185,0
BB,2021-02-05T15:00:00Z,12.655,12.95,12.285,12.76,112867
BB,2021-02-05T16:00:00Z,12.76,13.11,12.76,13.085,77166
BB,2021-02-05T17:00:00Z,13.085,13.68,13.02,13.09,118031
BB,2021-02-05T18:00:00Z,13.055,13.345,13.015,13.15,40666
BB,2021-02-05T19:00:00Z,13.145,13.185,12.9,12.975,51916
BB,2021-02-05T20:00:00Z,12.98,13.365,12.97,13.235,92550
BB,2021-02-05T21:00:00Z,13.235,13.235,13.235,13.235,0
BB,2021-02-08T15:00:00Z,13.765,13.87,13.315,13.665,87115
BB,2021-02-08T16:00:00Z,13.665,13.76,13.3,13.435,46752
BB,2021-02-08T17:00:00Z,13.435,13.6,13.36,13.545,34661
BB,2021-02-08T18:00:00Z,13.545,13.65,13.435,13.46,43155
BB,2021-02-08T19:00:00Z,13.465,13.74,13.315,13.74,37227
BB,2021-02-08T20:00:00Z,13.73,13.925,13.44,13.7,131177
BB,2021-02-08T21:00:00Z,13.7,13.7,13.7,13.7,0
BB,2021-02-09T15:00:00Z,13.275,13.475,13.13,13.295,52924
BB,2021-02-09T16:00:00Z,13.295,13.315,13.125,13.135,28853
BB,2021-02-09T17:00:00Z,13.135,13.315,13.055,13.225,23282
BB,2021-02-09T18:00:00Z,13.225,13.27,13.15,13.165,36938
BB,2021-02-09T19:00:00Z,13.165,13.275,13.135,13.26,42073
BB,2021-02-09T20:00:00Z,13.255,13.42,13.185,13.415,90878
BB,2021-02-09T21:00:00Z,13.415,13.415,13.415,13.415,0
BB,2021-02-10T15:00:00Z,13.105,13.485,12.745,13.055,93044
BB,2021-02-10T16:00:00Z,13.055,13.155,12.97,13.12,46777
BB,2021-02-10T17:00:00Z,13.12,13.245,13.015,13.235,26450
BB,2021-02-10T18:00:00Z,13.24,13.425,13.23,13.365,37377
BB,2021-02-10T19:00:00Z,13.365,13.405,13.24,13.245,23801
BB,2021-02-10T20:00:00Z,13.245,13.27,13.02,13.1,40561
BB,2021-02-10T21:00:00Z,13.1,13.1,13.1,13.1,0
BB,2021-02-11T15:00:00Z,12.78,12.825,12.565,12.735,53905
BB,2021-02-11T16:00:00Z,12.735,12.785,12.39,12.405,46452
BB,2021-02-11T17:00:00Z,12.405,12.435,12.135,12.345,62686
BB,2021-02-11T18:00:00Z,12.345,12.525,12.32,12.455,51220
BB,2021-02-11T19:00:00Z,12.455,12.48,12.355,12.435,27437
BB,2021-02-11T20:00:00Z,12.44,12.525,12.42,12.485,35459
BB,2021-02-11T21:00:00Z,12.485,12.485,12.485,12.485,0
BB,2021-02-12T15:00:00Z,12.825,12.885,12.615,12.855,16747
BB,2021-02-12T16:00:00Z,12.85,13.28,12.835,13.265,48425
BB,2021-02-12T17:00:00Z,13.265,13.295,12.97,13.135,37709
BB,2021-02-12T18:00:00Z,13.135,13.23,13.015,13.025,33179
BB,2021-02-12T19:00:00Z,13.03,13.055,12.915,12.965,28849
BB,2021-02-12T20:00:00Z,12.965,13.04,12.855,13.025,46012
BB,2021-02-12T21:00:00Z,13.025,13.025,13.025,13.025,0
BB,2021-02-15T15:00:00Z,13.025,13.025,13.025,13.025,0
BB,2021-02-15T16:00:00Z,13.025,13.025,13.025,13.025,0
BB,2021-02-15T17:00:00Z,13.025,13.025,13.025,13.025,0
BB,2021-02-15T18:00:00Z,13.025,13.025,13.025,13.025,0
BB,2021-02-15T19:00:00Z,13.025,13.025,13.025,13.025,0
BB,2021-02-15T20:00:00Z,13.025,13.025,13.025,13.025,0
BB,2021-02-15T21:00:00Z,13.025,13.025,13.025,13.025,0
BB,2021-02-16T15:00:00Z,12.605,12.735,12.385,12.455,38165
BB,2021-02-16T16:00:00Z,12.455,12.475,12.2,12.205,35243
BB,2021-02-16T17:00:00Z,12.2,12.43,12.105,12.405,36395
BB,2021-02-16T18:00:00Z,12.4,12.425,12.125,12.135,28799
BB,2021-02-16T19:00:00Z,12.14,12.205,12.045,12.145,30404
BB,2021-02-16T20:00:00Z,12.14,12.235,12.135,12.21,46878
BB,2021-02-16T21:00:00Z,12.21,12.21,12.21,12.21,0
BB,2021-02-17T15:00:00Z,11.36,11.475,11.23,11.29,43733
BB,2021-02-17T16:00:00Z,11.285,11.295,11.01,11.135,62790
BB,2021-02-17T17:00:00Z,11.145,11.285,11.11,11.26,22692
BB,2021-02-17T18:00:00Z,11.26,11.315,11.21,11.255,25664
BB,2021-02-17T19:00:00Z,11.25,11.295,11.17,11.23,16924
BB,2021-02-17T20:00:00Z,11.235,11.34,11.165,11.32,44320
BB,2021-02-17T21:00:00Z,11.32,11.32,11.32,11.32,0
BB,2021-02-18T15:00:00Z,11.25,11.255,10.75,10.865,45778
BB,2021-02-18T16:00:00Z,10.865,11.065,10.815,10.935,23796
BB,2021-02-18T17:00:00Z,10.93,11.035,10.82,10.945,33190
BB,2021-02-18T18:00:00Z,10.945,11.1,10.875,11.025,23279
BB,2021-02-18T19:00:00Z,11.025,11.085,10.955,11.015,13497
BB,2021-02-18T20:00:00Z,11.015,11.065,10.905,10.935,18402
BB,2021-02-18T21:00:00Z,10.935,10.935,10.935,10.935,0
BB,2021-02-19T15:00:00Z,10.885,10.9,10.62,10.665,36186
BB,2021-02-19T16:00:00Z,10.67,11.195,10.665,11.165,46170
BB,2021-02-19T17:00:00Z,11.165,11.17,10.815,10.875,32358
BB,2021-02-19T18:00:00Z,10.875,10.935,10.81,10.92,11907
BB,2021-02-19T19:00:00Z,10.92,10.94,10.825,10.87,5392
BB,2021-02-19T20:00:00Z,10.865,10.905,10.82,10.905,21119
AMC,2020-09-01T14:00:00Z,6.125,6.165,5.995,5.995,17742
AMC,2020-09-01T15:00:00Z,6.005,6.08,6,6.055,13352
AMC,2020-09-01T16:00:00Z,6.05,6.085,5.94,5.985,13184
AMC,2020-09-01T17:00:00Z,5.985,6.04,5.98,6,7879
AMC,2020-09-01T18:00:00Z,6.005,6.125,5.98,6.075,17083
AMC,2020-09-01T19:00:00Z,6.075,6.115,6.055,6.115,42020
AMC,2020-09-01T20:00:00Z,6.115,6.115,6.115,6.115,0
AMC,2020-09-02T14:00:00Z,6.98,7.22,6.69,6.705,57652
AMC,2020-09-02T15:00:00Z,6.71,6.88,6.47,6.505,53558
AMC,2020-09-02T16:00:00Z,6.505,6.84,6.475,6.83,29893
AMC,2020-09-02T17:00:00Z,6.83,7.085,6.82,6.91,22240
AMC,2020-09-02T18:00:00Z,6.905,7.12,6.83,7.01,28468
AMC,2020-09-02T19:00:00Z,6.98,7.05,6.9,7.01,7755
AMC,2020-09-02T20:00:00Z,7.01,7.01,7.01,7.01,0
AMC,2020-09-03T14:00:00Z,6.98,7.035,6.68,6.74,20602
AMC,2020-09-03T15:00:00Z,6.745,6.745,6.495,6.68,11639
AMC,2020-09-03T16:00:00Z,6.69,6.82,6.64,6.725,3380
AMC,2020-09-03T17:00:00Z,6.705,6.82,6.66,6.675,12200
AMC,2020-09-03T18:00:00Z,6.67,6.705,6.515,6.56,16638
AMC,2020-09-03T19:00:00Z,6.56,6.65,6.525,6.615,14554
AMC,2020-09-03T20:00:00Z,6.615,6.615,6.615,6.615,0
AMC,2020-09-04T14:00:00Z,6.5,6.595,6.24,6.335,8030
AMC,2020-09-04T15:00:00Z,6.32,6.515,6.32,6.515,1310
AMC,2020-09-04T16:00:00Z,6.515,6.655,6.515,6.62,715
AMC,2020-09-04T17:00:00Z,6.62,6.64,6.58,6.6,257
AMC,2020-09-04T18:00:00Z,6.6,6.76,6.59,6.75,618
AMC,2020-09-04T19:00:00Z,6.75,7.015,6.715,7.015,17825
AMC,2020-09-04T20:00:00Z,7.015,7.015,7.015,7.015,0
AMC,2020-09-07T14:00:00Z,7.015,7.015,7.015,7.015,0
AMC,2020-09-07T15:00:00Z,7.015,7.015,7.015,7.015,0
AMC,2020-09-07T16:00:00Z,7.015,7.015,7.015,7.015,0
AMC,2020-09-07T17:00:00Z,7.015,7.015,7.015,7.015,0
AMC,2020-09-07T18:00:00Z,7.015,7.015,7.015,7.015,0
AMC,2020-09-07T19:00:00Z,7.015,7.015,7.015,7.015,0
AMC,2020-09-07T20:00:00Z,7.015,7.015,7.015,7.015,0
AMC,2020-09-08T14:00:00Z,6.76,6.78,6.5,6.54,20246
AMC,2020-09-08T15:00:00Z,6.54,6.645,6.52,6.52,5931
AMC,2020-09-08T16:00:00Z,6.515,6.54,6.425,6.54,2415
AMC,2020-09-08T17:00:00Z,6.54,6.6,6.495,6.57,2341
AMC,2020-09-08T18:00:00Z,6.57,6.57,6.395,6.46,3154
AMC,2020-09-08T19:00:00Z,6.46,6.46,6.375,6.42,14339
AMC,2020-09-08T20:00:00Z,6.42,6.42,6.42,6.42,0
AMC,2020-09-09T14:00:00Z,6.455,6.455,6.3,6.35,1925
AMC,2020-09-09T15:00:00Z,6.35,6.38,6.18,6.195,2129
AMC,2020-09-09T16:00:00Z,6.215,6.27,6.115,6.185,3381
AMC,2020-09-09T17:00:00Z,6.185,6.21,6.125,6.175,1171
AMC,2020-09-09T18:00:00Z,6.185,6.3,6.17,6.29,4806
AMC,2020-09-09T19:00:00Z,6.295,6.315,6.23,6.265,22387
AMC,2020-09-09T20:00:00Z,6.265,6.265,6.265,6.265,0
AMC,2020-09-10T14:00:00Z,6.295,6.295,6.055,6.055,11001
AMC,2020-09-10T15:00:00Z,6.03,6.135,6.03,6.08,2046
AMC,2020-09-10T16:00:00Z,6.085,6.14,6.07,6.12,1962
AMC,2020-09-10T17:00:00Z,6.12,6.165,6.11,6.13,207
AMC,2020-09-10T18:00:00Z,6.13,6.13,6.01,6.04,1579
AMC,2020-09-10T19:00:00Z,6.03,6.04,5.885,5.935,13633
AMC,2020-09-10T20:00:00Z,5.935,5.935,5.935,5.935,0
AMC,2020-09-11T14:00:00Z,6,6.02,5.945,5.955,902
AMC,2020-09-11T15:00:00Z,5.955,6.035,5.81,5.89,6969
AMC,2020-09-11T16:00:00Z,5.88,5.925,5.785,5.81,6470
AMC,2020-09-11T17:00:00Z,5.81,5.81,5.61,5.63,4846
AMC,2020-09-11T18:00:00Z,5.635,5.73,5.635,5.72,16379
AMC,2020-09-11T19:00:00Z,5.705,5.83,5.69,5.805,7132
AMC,2020-09-11T20:00:00Z,5.805,5.805,5.805,5.805,0
AMC,2020-09-14T14:00:00Z,5.77,5.77,5.66,5.72,2602
AMC,2020-09-14T15:00:00Z,5.72,5.745,5.69,5.71,1568
AMC,2020-09-14T16:00:00Z,5.71,5.75,5.665,5.69,21747
AMC,2020-09-14T17:00:00Z,5.685,5.685,5.62,5.65,7702
AMC,2020-09-14T18:00:00Z,5.63,5.645,5.515,5.53,16841
AMC,2020-09-14T19:00:00Z,5.53,5.565,5.51,5.53,57635
AMC,2020-09-14T20:00:00Z,5.53,5.53,5.53,5.53,0
AMC,2020-09-15T14:00:00Z,5.62,5.86,5.585,5.795,9785
AMC,2020-09-15T15:00:00Z,5.795,5.84,5.725,5.82,3806
AMC,2020-09-15T16:00:00Z,5.825,5.835,5.755,5.765,2377
AMC,2020-09-15T17:00:00Z,5.765,5.765,5.61,5.61,2701
AMC,2020-09-15T18:00:00Z,5.605,5.64,5.525,5.56,10931
AMC,2020-09-15T19:00:00Z,5.565,5.575,5.525,5.525,17265
AMC,2020-09-15T20:00:00Z,5.525,5.525,5.525,5.525,0
AMC,2020-09-16T14:00:00Z,5.46,5.65,5.46,5.62,1206
AMC,2020-09-16T15:00:00Z,5.61,5.735,5.61,5.715,838
AMC,2020-09-16T16:00:00Z,5.715,5.79,5.705,5.74,1709
AMC,2020-09-16T17:00:00Z,5.755,5.785,5.715,5.72,3332
AMC,2020-09-16T18:00:00Z,5.72,5.865,5.72,5.76,3980
AMC,2020-09-16T19:00:00Z,5.76,5.795,5.64,5.765,20427
AMC,2020-09-16T20:00:00Z,5.765,5.765,5.765,5.765,0
AMC,2020-09-17T14:00:00Z,5.74,5.775,5.68,5.755,2205
AMC,2020-09-17T15:00:00Z,5.755,5.78,5.715,5.73,2171
AMC,2020-09-17T16:00:00Z,5.73,5.73,5.64,5.65,1317
AMC,2020-09-17T17:00:00Z,5.65,5.745,5.64,5.74,554
AMC,2020-09-17T18:00:00Z,5.74,5.785,5.7,5.745,1794
AMC,2020-09-17T19:00:00Z,5.745,5.745,5.65,5.73,2226
AMC,2020-09-17T20:00:00Z,5.73,5.73,5.73,5.73,0
AMC,2020-09-18T14:00:00Z,5.635,5.685,5.635,5.68,406
AMC,2020-09-18T15:00:00Z,5.68,5.71,5.635,5.695,486
AMC,2020-09-18T16:00:00Z,5.695,5.695,5.62,5.62,641
AMC,2020-09-18T17:00:00Z,5.62,5.66,5.575,5.6,946
AMC,2020-09-18T18:00:00Z,5.6,5.635,5.59,5.62,4425
AMC,2020-09-18T19:00:00Z,5.62,5.67,5.595,5.665,19800
AMC,2020-09-18T20:00:00Z,5.61,5.61,5.61,5.61,13
AMC,2020-09-21T14:00:00Z,5.29,5.29,5.065,5.16,8807
AMC,2020-09-21T15:00:00Z,5.16,5.245,5.155,5.245,9292
AMC,2020-09-21T16:00:00Z,5.245,5.285,5.2,5.26,5095
AMC,2020-09-21T17:00:00Z,5.26,5.265,5.245,5.255,7868
AMC,2020-09-21T18:00:00Z,5.255,5.255,5.205,5.215,7145
AMC,2020-09-21T19:00:00Z,5.215,5.33,5.2,5.33,21237
AMC,2020-09-21T20:00:00Z,5.33,5.33,5.33,5.33,0
AMC,2020-09-22T14:00:00Z,5.205,5.24,5.16,5.16,1805
AMC,2020-09-22T15:00:00Z,5.155,5.21,5.14,5.175,1821
AMC,2020-09-22T16:00:00Z,5.175,5.185,5.14,5.15,901
AMC,2020-09-22T17:00:00Z,5.15,5.175,5.14,5.175,2506
AMC,2020-09-22T18:00:00Z,5.18,5.195,5.16,5.175,2431
AMC,2020-09-22T19:00:00Z,5.175,5.21,5.17,5.205,8313
AMC,2020-09-22T20:00:00Z,5.205,5.205,5.205,5.205,0
AMC,2020-09-23T14:00:00Z,5.155,5.165,5.065,5.085,1973
AMC,2020-09-23T15:00:00Z,5.065,5.09,4.885,4.885,20312
AMC,2020-09-23T16:00:00Z,4.885,4.995,4.88,4.925,20417
AMC,2020-09-23T17:00:00Z,4.925,4.93,4.85,4.855,6126
AMC,2020-09-23T18:00:00Z,4.855,4.86,4.775,4.78,11265
AMC,2020-09-23T19:00:00Z,4.775,4.83,4.745,4.78,35449
AMC,2020-09-23T20:00:00Z,4.78,4.78,4.78,4.78,0
AMC,2020-09-24T14:00:00Z,4.56,4.88,4.56,4.74,33170
AMC,2020-09-24T15:00:00Z,4.735,4.76,4.65,4.665,17838
AMC,2020-09-24T16:00:00Z,4.665,4.675,4.615,4.675,9919
AMC,2020-09-24T17:00:00Z,4.675,4.725,4.665,4.71,17170
AMC,2020-09-24T18:00:00Z,4.705,4.705,4.605,4.605,6205
AMC,2020-09-24T19:00:00Z,4.605,4.625,4.545,4.595,49800
AMC,2020-09-24T20:00:00Z,4.595,4.595,4.595,4.595,0
AMC,2020-09-25T14:00:00Z,4.755,4.765,4.73,4.765,1599
AMC,2020-09-25T15:00:00Z,4.765,4.915,4.74,4.915,275
AMC,2020-09-25T16:00:00Z,4.91,4.91,4.815,4.82,500
AMC,2020-09-25T17:00:00Z,4.82,4.82,4.78,4.78,103
AMC,2020-09-25T18:00:00Z,4.78,4.82,4.78,4.81,52
AMC,2020-09-25T19:00:00Z,4.81,4.885,4.81,4.885,5716
AMC,2020-09-25T20:00:00Z,4.885,4.885,4.885,4.885,0
AMC,2020-09-28T14:00:00Z,4.825,4.965,4.825,4.905,526
AMC,2020-09-28T15:00:00Z,4.905,4.905,4.745,4.765,2719
AMC,2020-09-28T16:00:00Z,4.765,4.795,4.62,4.715,6771
AMC,2020-09-28T17:00:00Z,4.725,4.79,4.725,4.79,3624
AMC,2020-09-28T18:00:00Z,4.79,4.875,4.79,4.835,1570
AMC,2020-09-28T19:00:00Z,4.835,4.945,4.785,4.905,13774
AMC,2020-09-28T20:00:00Z,4.905,4.905,4.905,4.905,0
AMC,2020-09-29T14:00:00Z,4.79,4.835,4.775,4.775,235
AMC,2020-09-29T15:00:00Z,4.775,4.805,4.77,4.785,209
AMC,2020-09-29T16:00:00Z,4.785,4.84,4.785,4.815,2023
AMC,2020-09-29T17:00:00Z,4.815,4.815,4.78,4.78,1027
AMC,2020-09-29T18:00:00Z,4.78,4.845,4.78,4.845,1139
AMC,2020-09-29T19:00:00Z,4.845,4.925,4.845,4.865,30377
AMC,2020-09-29T20:00:00Z,4.865,4.865,4.865,4.865,0
AMC,2020-09-30T14:00:00Z,4.885,4.945,4.86,4.875,420
AMC,2020-09-30T15:00:00Z,4.875,4.915,4.875,4.895,240
AMC,2020-09-30T16:00:00Z,4.895,4.895,4.84,4.845,352
AMC,2020-09-30T17:00:00Z,4.845,4.85,4.81,4.815,1869
AMC,2020-09-30T18:00:00Z,4.815,4.815,4.755,4.755,6032
AMC,2020-09-30T19:00:00Z,4.755,4.76,4.7,4.7,6546
AMC,2020-09-30T20:00:00Z,4.7,4.7,4.7,4.7,0
AMC,2020-10-01T14:00:00Z,4.71,4.71,4.655,4.695,3744
AMC,2020-10-01T15:00:00Z,4.695,4.695,4.635,4.66,3147
AMC,2020-10-01T16:00:00Z,4.655,4.675,4.655,4.665,2670
AMC,2020-10-01T17:00:00Z,4.665,4.695,4.655,4.685,2497
AMC,2020-10-01T18:00:00Z,4.685,4.69,4.655,4.675,1429
AMC,2020-10-01T19:00:00Z,4.675,4.69,4.63,4.665,10281
AMC,2020-10-01T20:00:00Z,4.665,4.665,4.665,4.665,0
AMC,2020-10-02T14:00:00Z,4.51,4.595,4.505,4.51,13230
AMC,2020-10-02T15:00:00Z,4.51,4.645,4.485,4.57,11150
AMC,2020-10-02T16:00:00Z,4.57,4.655,4.555,4.62,1939
AMC,2020-10-02T17:00:00Z,4.635,4.635,4.575,4.585,10320
AMC,2020-10-02T18:00:00Z,4.585,4.63,4.585,4.62,1616
AMC,2020-10-02T19:00:00Z,4.62,4.66,4.615,4.645,35878
AMC,2020-10-02T20:00:00Z,4.645,4.645,4.645,4.645,0
AMC,2020-10-05T14:00:00Z,4.135,4.225,4.105,4.155,17007
AMC,2020-10-05T15:00:00Z,4.15,4.165,4.105,4.125,15959
AMC,2020-10-05T16:00:00Z,4.125,4.195,4.12,4.17,13608
AMC,2020-10-05T17:00:00Z,4.18,4.225,4.17,4.205,13067
AMC,2020-10-05T18:00:00Z,4.185,4.19,4.155,4.17,11998
AMC,2020-10-05T19:00:00Z,4.175,4.175,4.125,4.125,22182
AMC,2020-10-05T20:00:00Z,4.125,4.125,4.125,4.125,0
AMC,2020-10-06T14:00:00Z,4.195,4.195,4.125,4.145,14329
AMC,2020-10-06T15:00:00Z,4.155,4.155,4.095,4.125,5592
AMC,2020-10-06T16:00:00Z,4.125,4.155,4.115,4.135,8572
AMC,2020-10-06T17:00:00Z,4.135,4.185,4.125,4.175,11520
AMC,2020-10-06T18:00:00Z,4.175,4.215,4.105,4.11,8238
AMC,2020-10-06T19:00:00Z,4.105,4.115,4.045,4.045,11149
AMC,2020-10-06T20:00:00Z,4.045,4.045,4.045,4.045,0
AMC,2020-10-07T14:00:00Z,4.025,4.03,3.965,4.015,3278
AMC,2020-10-07T15:00:00Z,4.02,4.08,4.005,4.02,3821
AMC,2020-10-07T16:00:00Z,4.015,4.035,3.975,4.025,12393
AMC,2020-10-07T17:00:00Z,4.025,4.105,4.02,4.065,5931
AMC,2020-10-07T18:00:00Z,4.065,4.07,4.025,4.035,2013
AMC,2020-10-07T19:00:00Z,4.035,4.085,4.03,4.035,8396
AMC,2020-10-07T20:00:00Z,4.035,4.035,4.035,4.035,0
AMC,2020-10-08T14:00:00Z,4.05,4.13,4.02,4.115,13448
AMC,2020-10-08T15:00:00Z,4.115,4.12,4.07,4.095,3800
AMC,2020-10-08T16:00:00Z,4.1,4.1,4.07,4.08,3200
AMC,2020-10-08T17:00:00Z,4.075,4.1,4.07,4.075,5185
AMC,2020-10-08T18:00:00Z,4.07,4.1,4.07,4.085,2894
AMC,2020-10-08T19:00:00Z,4.085,4.19,4.08,4.135,58378
AMC,2020-10-08T20:00:00Z,4.135,4.135,4.135,4.135,0
AMC,2020-10-09T14:00:00Z,4.125,4.125,4.055,4.06,3335
AMC,2020-10-09T15:00:00Z,4.065,4.105,4.05,4.08,2887
AMC,2020-10-09T16:00:00Z,4.08,4.14,4.07,4.075,3559
AMC,2020-10-09T17:00:00Z,4.075,4.09,4.05,4.08,800
AMC,2020-10-09T18:00:00Z,4.08,4.09,4.06,4.08,1510
AMC,2020-10-09T19:00:00Z,4.08,4.08,4.035,4.05,5612
AMC,2020-10-09T20:00:00Z,4.05,4.05,4.05,4.05,0
AMC,2020-10-12T14:00:00Z,4.045,4.07,4.02,4.03,2430
AMC,2020-10-12T15:00:00Z,4.035,4.095,4.03,4.06,1658
AMC,2020-10-12T16:00:00Z,4.055,4.07,4.025,4.05,300
AMC,2020-10-12T17:00:00Z,4.05,4.09,4.04,4.07,601
AMC,2020-10-12T18:00:00Z,4.07,4.07,4.035,4.055,2156
AMC,2020-10-12T19:00:00Z,4.055,4.085,4.05,4.075,8377
AMC,2020-10-12T20:00:00Z,4.075,4.075,4.075,4.075,0
AMC,2020-10-13T14:00:00Z,3.855,3.875,3.75,3.76,21562
AMC,2020-10-13T15:00:00Z,3.76,3.78,3.75,3.765,3191
AMC,2020-10-13T16:00:00Z,3.77,3.775,3.7,3.73,9695
AMC,2020-10-13T17:00:00Z,3.73,3.75,3.705,3.71,3430
AMC,2020-10-13T18:00:00Z,3.71,3.71,3.665,3.7,5599
AMC,2020-10-13T19:00:00Z,3.705,3.71,3.52,3.54,27851
AMC,2020-10-13T20:00:00Z,3.54,3.54,3.54,3.54,0
AMC,2020-10-14T14:00:00Z,2.8,3,2.785,2.95,75165
AMC,2020-10-14T15:00:00Z,2.955,3.205,2.93,3.035,68134
AMC,2020-10-14T16:00:00Z,3.035,3.055,2.925,2.96,18066
AMC,2020-10-14T17:00:00Z,2.955,2.965,2.88,2.89,5431
AMC,2020-10-14T18:00:00Z,2.895,2.93,2.89,2.92,8920
AMC,2020-10-14T19:00:00Z,2.925,3,2.92,2.945,22031
AMC,2020-10-14T20:00:00Z,2.945,2.945,2.945,2.945,0
AMC,2020-10-15T14:00:00Z,2.905,2.96,2.82,2.825,5346
AMC,2020-10-15T15:00:00Z,2.83,2.9,2.82,2.85,14552
AMC,2020-10-15T16:00:00Z,2.845,2.86,2.825,2.835,8911
AMC,2020-10-15T17:00:00Z,2.835,2.84,2.76,2.805,14609
AMC,2020-10-15T18:00:00Z,2.805,2.82,2.79,2.805,6237
AMC,2020-10-15T19:00:00Z,2.805,2.87,2.76,2.78,20116
AMC,2020-10-15T20:00:00Z,2.78,2.78,2.78,2.78,0
AMC,2020-10-16T14:00:00Z,2.89,3.08,2.87,3,9348
AMC,2020-10-16T15:00:00Z,3,3.29,3,3.15,15967
AMC,2020-10-16T16:00:00Z,3.155,3.165,3.01,3.115,9483
AMC,2020-10-16T17:00:00Z,3.11,3.12,2.975,3.045,2779
AMC,2020-10-16T18:00:00Z,3.045,3.105,3.01,3.095,10671
AMC,2020-10-16T19:00:00Z,3.09,3.12,3.005,3.04,42300
AMC,2020-10-16T20:00:00Z,3.04,3.04,3.04,3.04,0
AMC,2020-10-19T14:00:00Z,3.55,3.88,3.46,3.795,49333
AMC,2020-10-19T15:00:00Z,3.8,3.84,3.55,3.685,22673
AMC,2020-10-19T16:00:00Z,3.675,3.745,3.605,3.685,13436
AMC,2020-10-19T17:00:00Z,3.68,3.715,3.605,3.655,13771
AMC,2020-10-19T18:00:00Z,3.655,3.665,3.49,3.5,13913
AMC,2020-10-19T19:00:00Z,3.495,3.6,3.415,3.54,21680
AMC,2020-10-19T20:00:00Z,3.54,3.54,3.54,3.54,0
AMC,2020-10-20T14:00:00Z,3.205,3.21,3.06,3.08,63561
AMC,2020-10-20T15:00:00Z,3.075,3.155,3.06,3.145,9432
AMC,2020-10-20T16:00:00Z,3.145,3.22,3.11,3.145,10201
AMC,2020-10-20T17:00:00Z,3.145,3.15,3.1,3.105,4955
AMC,2020-10-20T18:00:00Z,3.105,3.11,3.05,3.085,15262
AMC,2020-10-20T19:00:00Z,3.09,3.12,3.045,3.09,16541
AMC,2020-10-20T20:00:00Z,3.09,3.09,3.09,3.09,0
AMC,2020-10-21T14:00:00Z,3.095,3.13,3.09,3.1,12688
AMC,2020-10-21T15:00:00Z,3.1,3.11,3,3.035,21736
AMC,2020-10-21T16:00:00Z,3.035,3.035,2.98,3.015,11640
AMC,2020-10-21T17:00:00Z,3.015,3.02,2.99,2.995,3977
AMC,2020-10-21T18:00:00Z,2.99,3.01,2.99,3.005,18884
AMC,2020-10-21T19:00:00Z,3.005,3.005,2.99,2.99,16995
AMC,2020-10-21T20:00:00Z,2.99,2.99,2.99,2.99,0
AMC,2020-10-22T14:00:00Z,2.875,2.9,2.86,2.89,6769
AMC,2020-10-22T15:00:00Z,2.895,3.005,2.89,3.005,16818
AMC,2020-10-22T16:00:00Z,3.005,3.05,2.985,3.015,32933
AMC,2020-10-22T17:00:00Z,3.015,3.11,3,3.1,22931
AMC,2020-10-22T18:00:00Z,3.1,3.145,3.075,3.08,43819
AMC,2020-10-22T19:00:00Z,3.085,3.125,3.065,3.115,10337
AMC,2020-10-22T20:00:00Z,3.115,3.115,3.115,3.115,0
AMC,2020-10-23T14:00:00Z,2.985,3.05,2.98,3.01,7763
AMC,2020-10-23T15:00:00Z,3.005,3.01,2.95,2.975,4616
AMC,2020-10-23T16:00:00Z,2.975,2.99,2.97,2.98,4288
AMC,2020-10-23T17:00:00Z,2.98,2.99,2.96,2.98,7647
AMC,2020-10-23T18:00:00Z,2.975,3.02,2.96,2.995,3796
AMC,2020-10-23T19:00:00Z,2.99,3.005,2.97,2.98,10665
AMC,2020-10-23T20:00:00Z,2.98,2.98,2.98,2.98,0
AMC,2020-10-26T14:00:00Z,2.87,2.88,2.75,2.755,16034
AMC,2020-10-26T15:00:00Z,2.75,2.795,2.72,2.75,11776
AMC,2020-10-26T16:00:00Z,2.75,2.755,2.7,2.71,7582
AMC,2020-10-26T17:00:00Z,2.705,2.72,2.68,2.71,4770
AMC,2020-10-26T18:00:00Z,2.71,2.8,2.71,2.77,12838
AMC,2020-10-26T19:00:00Z,2.77,2.8,2.72,2.76,6154
AMC,2020-10-26T20:00:00Z,2.76,2.76,2.76,2.76,0
AMC,2020-10-27T14:00:00Z,2.725,2.745,2.66,2.67,17311
AMC,2020-10-27T15:00:00Z,2.67,2.715,2.66,2.665,18936
AMC,2020-10-27T16:00:00Z,2.665,2.68,2.61,2.66,14474
AMC,2020-10-27T17:00:00Z,2.66,2.715,2.65,2.7,9018
AMC,2020-10-27T18:00:00Z,2.705,2.75,2.67,2.73,10433
AMC,2020-10-27T19:00:00Z,2.725,2.825,2.7,2.805,14131
AMC,2020-10-27T20:00:00Z,2.805,2.805,2.805,2.805,0
AMC,2020-10-28T14:00:00Z,2.635,2.65,2.575,2.61,5728
AMC,2020-10-28T15:00:00Z,2.61,2.67,2.58,2.67,2890
AMC,2020-10-28T16:00:00Z,2.675,2.715,2.63,2.65,3228
AMC,2020-10-28T17:00:00Z,2.655,2.655,2.6,2.645,12997
AMC,2020-10-28T18:00:00Z,2.64,2.665,2.6,2.66,20190
AMC,2020-10-28T19:00:00Z,2.665,2.665,2.595,2.6,39554
AMC,2020-10-28T20:00:00Z,2.6,2.6,2.6,2.6,0
AMC,2020-10-29T14:00:00Z,2.565,2.58,2.51,2.535,46696
AMC,2020-10-29T15:00:00Z,2.535,2.545,2.505,2.52,48355
AMC,2020-10-29T16:00:00Z,2.525,2.53,2.505,2.52,39515
AMC,2020-10-29T17:00:00Z,2.525,2.525,2.5,2.505,16959
AMC,2020-10-29T18:00:00Z,2.505,2.52,2.48,2.51,10090
AMC,2020-10-29T19:00:00Z,2.505,2.535,2.495,2.52,31635
AMC,2020-10-29T20:00:00Z,2.52,2.52,2.52,2.52,0
AMC,2020-10-30T14:00:00Z,2.4,2.43,2.32,2.33,32018
AMC,2020-10-30T15:00:00Z,2.335,2.385,2.31,2.375,20014
AMC,2020-10-30T16:00:00Z,2.375,2.425,2.33,2.335,13241
AMC,2020-10-30T17:00:00Z,2.34,2.35,2.3,2.345,7211
AMC,2020-10-30T18:00:00Z,2.34,2.4,2.335,2.38,8017
AMC,2020-10-30T19:00:00Z,2.375,2.38,2.275,2.35,15773
AMC,2020-10-30T20:00:00Z,2.35,2.35,2.35,2.35,0
AMC,2020-11-02T15:00:00Z,2.195,2.295,2.185,2.21,18807
AMC,2020-11-02T16:00:00Z,2.205,2.3,2.205,2.26,20936
AMC,2020-11-02T17:00:00Z,2.265,2.28,2.23,2.245,4174
AMC,2020-11-02T18:00:00Z,2.245,2.245,2.2,2.205,8480
AMC,2020-11-02T19:00:00Z,2.205,2.225,2.2,2.205,9775
AMC,2020-11-02T20:00:00Z,2.205,2.21,2.11,2.15,35453
AMC,2020-11-02T21:00:00Z,2.15,2.15,2.15,2.15,0
AMC,2020-11-03T15:00:00Z,2.44,2.475,2.3,2.46,35644
AMC,2020-11-03T16:00:00Z,2.46,2.47,2.365,2.405,10999
AMC,2020-11-03T17:00:00Z,2.4,2.45,2.355,2.355,3519
AMC,2020-11-03T18:00:00Z,2.365,2.435,2.355,2.365,2550
AMC,2020-11-03T19:00:00Z,2.365,2.385,2.325,2.345,3335
AMC,2020-11-03T20:00:00Z,2.36,2.365,2.305,2.325,8744
AMC,2020-11-03T21:00:00Z,2.325,2.325,2.325,2.325,0
AMC,2020-11-04T15:00:00Z,2.385,2.425,2.33,2.35,5041
AMC,2020-11-04T16:00:00Z,2.345,2.375,2.3,2.365,3498
AMC,2020-11-04T17:00:00Z,2.365,2.37,2.335,2.36,1148
AMC,2020-11-04T18:00:00Z,2.36,2.37,2.28,2.28,1454
AMC,2020-11-04T19:00:00Z,2.28,2.3,2.245,2.29,1808
AMC,2020-11-04T20:00:00Z,2.29,2.32,2.27,2.315,6506
AMC,2020-11-04T21:00:00Z,2.315,2.315,2.315,2.315,0
AMC,2020-11-05T15:00:00Z,2.425,2.575,2.38,2.505,24884
AMC,2020-11-05T16:00:00Z,2.5,2.52,2.45,2.51,7333
AMC,2020-11-05T17:00:00Z,2.505,2.515,2.45,2.47,9048
AMC,2020-11-05T18:00:00Z,2.475,2.51,2.46,2.475,10600
AMC,2020-11-05T19:00:00Z,2.475,2.51,2.47,2.475,10522
AMC,2020-11-05T20:00:00Z,2.47,2.49,2.455,2.46,6525
AMC,2020-11-05T21:00:00Z,2.46,2.46,2.46,2.46,0
AMC,2020-11-06T15:00:00Z,2.355,2.41,2.33,2.38,5673
AMC,2020-11-06T16:00:00Z,2.38,2.395,2.35,2.385,211
AMC,2020-11-06T17:00:00Z,2.39,2.4,2.38,2.395,1430
AMC,2020-11-06T18:00:00Z,2.4,2.52,2.39,2.515,7170
AMC,2020-11-06T19:00:00Z,2.52,2.625,2.45,2.5,12186
AMC,2020-11-06T20:00:00Z,2.495,2.55,2.47,2.495,1219
AMC,2020-11-06T21:00:00Z,2.53,2.53,2.53,2.53,40
AMC,2020-11-09T15:00:00Z,3.765,3.8,3.23,3.725,135315
AMC,2020-11-09T16:00:00Z,3.72,4.2,3.58,3.995,175790
AMC,2020-11-09T17:00:00Z,3.99,4.14,3.84,4.08,154717
AMC,2020-11-09T18:00:00Z,4.075,4.15,3.88,3.945,42510
AMC,2020-11-09T19:00:00Z,3.95,4.03,3.9,3.98,35756
AMC,2020-11-09T20:00:00Z,3.97,4.15,3.715,3.785,56014
AMC,2020-11-09T21:00:00Z,3.785,3.785,3.785,3.785,0
AMC,2020-11-10T15:00:00Z,3.845,3.845,3.47,3.49,71482
AMC,2020-11-10T16:00:00Z,3.49,3.655,3.34,3.575,81022
AMC,2020-11-10T17:00:00Z,3.575,3.605,3.54,3.555,12689
AMC,2020-11-10T18:00:00Z,3.545,3.545,3.42,3.425,19509
AMC,2020-11-10T19:00:00Z,3.435,3.455,3.375,3.455,19183
AMC,2020-11-10T20:00:00Z,3.455,3.57,3.455,3.495,46348
AMC,2020-11-10T21:00:00Z,3.495,3.495,3.495,3.495,0
AMC,2020-11-11T15:00:00Z,3.085,3.13,3,3.065,42042
AMC,2020-11-11T16:00:00Z,3.065,3.17,3.06,3.12,18582
AMC,2020-11-11T17:00:00Z,3.115,3.14,3.06,3.065,6127
AMC,2020-11-11T18:00:00Z,3.06,3.115,3.06,3.115,8852
AMC,2020-11-11T19:00:00Z,3.12,3.13,3.07,3.075,10570
AMC,2020-11-11T20:00:00Z,3.075,3.145,3.06,3.125,65722
AMC,2020-11-11T21:00:00Z,3.125,3.125,3.125,3.125,0
AMC,2020-11-12T15:00:00Z,3,3.03,2.97,3.005,19600
AMC,2020-11-12T16:00:00Z,3,3.02,2.99,2.995,72172
AMC,2020-11-12T17:00:00Z,2.995,3.03,2.99,3.01,45936
AMC,2020-11-12T18:00:00Z,3.01,3.015,2.955,2.955,10661
AMC,2020-11-12T19:00:00Z,2.96,2.975,2.93,2.93,10392
AMC,2020-11-12T20:00:00Z,2.935,2.95,2.92,2.93,51701
AMC,2020-11-12T21:00:00Z,2.93,2.93,2.93,2.93,0
AMC,2020-11-13T15:00:00Z,2.895,2.9,2.775,2.815,45018
AMC,2020-11-13T16:00:00Z,2.815,2.905,2.815,2.88,21474
AMC,2020-11-13T17:00:00Z,2.875,2.945,2.87,2.925,63622
AMC,2020-11-13T18:00:00Z,2.93,2.935,2.87,2.905,84358
AMC,2020-11-13T19:00:00Z,2.9,2.985,2.9,2.955,90098
AMC,2020-11-13T20:00:00Z,2.95,3.01,2.94,2.965,140326
AMC,2020-11-13T21:00:00Z,2.965,2.965,2.965,2.965,0
AMC,2020-11-16T15:00:00Z,3.14,3.205,3.11,3.135,40202
AMC,2020-11-16T16:00:00Z,3.14,3.2,3.08,3.12,45976
AMC,2020-11-16T17:00:00Z,3.115,3.18,3.105,3.16,42430
AMC,2020-11-16T18:00:00Z,3.16,3.175,3.08,3.1,11754
AMC,2020-11-16T19:00:00Z,3.095,3.15,3.09,3.12,9199
AMC,2020-11-16T20:00:00Z,3.125,3.18,3.085,3.11,34208
AMC,2020-11-16T21:00:00Z,3.11,3.11,3.11,3.11,0
AMC,2020-11-17T15:00:00Z,2.955,3.005,2.945,2.975,43725
AMC,2020-11-17T16:00:00Z,2.975,3.01,2.925,3.01,34961
AMC,2020-11-17T17:00:00Z,3.01,3.015,2.975,3.005,28814
AMC,2020-11-17T18:00:00Z,3.005,3.03,2.995,3.01,16024
AMC,2020-11-17T19:00:00Z,3.005,3.01,2.975,2.985,11360
AMC,2020-11-17T20:00:00Z,2.985,3,2.97,2.98,36667
AMC,2020-11-17T21:00:00Z,2.98,2.98,2.98,2.98,0
AMC,2020-11-18T15:00:00Z,3.045,3.165,3.045,3.135,117693
AMC,2020-11-18T16:00:00Z,3.125,3.37,3.105,3.265,29086
AMC,2020-11-18T17:00:00Z,3.25,3.3,3.165,3.215,25988
AMC,2020-11-18T18:00:00Z,3.225,3.235,3.125,3.155,12037
AMC,2020-11-18T19:00:00Z,3.155,3.3,3.155,3.3,10645
AMC,2020-11-18T20:00:00Z,3.295,3.325,3.24,3.245,12267
AMC,2020-11-18T21:00:00Z,3.245,3.245,3.245,3.245,0
AMC,2020-11-19T15:00:00Z,3.305,3.335,3.205,3.225,5144
AMC,2020-11-19T16:00:00Z,3.21,3.26,3.155,3.225,5807
AMC,2020-11-19T17:00:00Z,3.225,3.245,3.165,3.235,1427
AMC,2020-11-19T18:00:00Z,3.235,3.24,3.165,3.19,3912
AMC,2020-11-19T19:00:00Z,3.195,3.215,3.165,3.195,6339
AMC,2020-11-19T20:00:00Z,3.195,3.225,3.165,3.19,6447
AMC,2020-11-19T21:00:00Z,3.19,3.19,3.19,3.19,0
AMC,2020-11-20T15:00:00Z,3.3,3.335,3.215,3.245,14428
AMC,2020-11-20T16:00:00Z,3.245,3.295,3.205,3.295,45744
AMC,2020-11-20T17:00:00Z,3.295,3.305,3.255,3.285,5563
AMC,2020-11-20T18:00:00Z,3.29,3.295,3.25,3.265,2543
AMC,2020-11-20T19:00:00Z,3.27,3.34,3.255,3.295,18077
AMC,2020-11-20T20:00:00Z,3.285,3.355,3.265,3.345,38179
AMC,2020-11-20T21:00:00Z,3.345,3.345,3.345,3.345,0
AMC,2020-11-23T15:00:00Z,3.62,3.62,3.41,3.48,15864
AMC,2020-11-23T16:00:00Z,3.48,3.585,3.44,3.56,3342
AMC,2020-11-23T17:00:00Z,3.56,3.705,3.535,3.68,12400
AMC,2020-11-23T18:00:00Z,3.675,3.74,3.625,3.67,23239
AMC,2020-11-23T19:00:00Z,3.67,3.75,3.625,3.725,15279
AMC,2020-11-23T20:00:00Z,3.725,3.855,3.71,3.8,39085
AMC,2020-11-23T21:00:00Z,3.8,3.8,3.8,3.8,0
AMC,2020-11-24T15:00:00Z,4.5,4.985,4.31,4.985,114240
AMC,2020-11-24T16:00:00Z,4.985,5.005,4.34,4.495,54938
AMC,2020-11-24T17:00:00Z,4.51,4.675,4.265,4.325,87287
AMC,2020-11-24T18:00:00Z,4.325,4.435,4.295,4.355,40000
AMC,2020-11-24T19:00:00Z,4.35,4.555,4.345,4.465,29617
AMC,2020-11-24T20:00:00Z,4.47,4.59,4.445,4.56,23430
AMC,2020-11-24T21:00:00Z,4.56,4.56,4.56,4.56,0
AMC,2020-11-25T15:00:00Z,4.305,4.58,4.26,4.45,17247
AMC,2020-11-25T16:00:00Z,4.445,4.535,4.405,4.42,5546
AMC,2020-11-25T17:00:00Z,4.425,4.47,4.38,4.415,6622
AMC,2020-11-25T18:00:00Z,4.41,4.49,4.41,4.465,11541
AMC,2020-11-25T19:00:00Z,4.46,4.49,4.4,4.47,2540
AMC,2020-11-25T20:00:00Z,4.47,4.53,4.45,4.475,13883
AMC,2020-11-25T21:00:00Z,4.475,4.475,4.475,4.475,0
AMC,2020-11-26T15:00:00Z,4.475,4.475,4.475,4.475,0
AMC,2020-11-26T16:00:00Z,4.475,4.475,4.475,4.475,0
AMC,2020-11-26T17:00:00Z,4.475,4.475,4.475,4.475,0
AMC,2020-11-26T18:00:00Z,4.475,4.475,4.475,4.475,0
AMC,2020-11-26T19:00:00Z,4.475,4.475,4.475,4.475,0
AMC,2020-11-26T20:00:00Z,4.475,4.475,4.475,4.475,0
AMC,2020-11-26T21:00:00Z,4.475,4.475,4.475,4.475,0
AMC,2020-11-27T15:00:00Z,4.42,4.535,4.4,4.44,9795
AMC,2020-11-27T16:00:00Z,4.44,4.45,4.375,4.415,6084
AMC,2020-11-27T17:00:00Z,4.42,4.5,4.41,4.435,10332
AMC,2020-11-27T18:00:00Z,4.435,4.435,4.435,4.435,0
AMC,2020-11-27T19:00:00Z,4.435,4.435,4.435,4.435,0
AMC,2020-11-27T20:00:00Z,4.435,4.435,4.435,4.435,0
AMC,2020-11-27T21:00:00Z,4.435,4.435,4.435,4.435,0
AMC,2020-11-30T15:00:00Z,4.18,4.195,3.99,4.12,40498
AMC,2020-11-30T16:00:00Z,4.12,4.24,4.12,4.22,19208
AMC,2020-11-30T17:00:00Z,4.22,4.3,4.205,4.235,11287
AMC,2020-11-30T18:00:00Z,4.235,4.29,4.23,4.25,5482
AMC,2020-11-30T19:00:00Z,4.26,4.28,4.22,4.25,4425
AMC,2020-11-30T20:00:00Z,4.25,4.295,4.225,4.26,10919
AMC,2020-11-30T21:00:00Z,4.26,4.26,4.26,4.26,0
AMC,2020-12-01T15:00:00Z,4.225,4.225,4.09,4.13,48716
AMC,2020-12-01T16:00:00Z,4.13,4.17,4.13,4.155,44525
AMC,2020-12-01T17:00:00Z,4.155,4.28,4.15,4.175,29155
AMC,2020-12-01T18:00:00Z,4.18,4.24,4.17,4.205,18755
AMC,2020-12-01T19:00:00Z,4.2,4.21,4.16,4.19,26088
AMC,2020-12-01T20:00:00Z,4.19,4.21,4.095,4.095,51155
AMC,2020-12-01T21:00:00Z,4.19,4.19,4.19,4.19,50
AMC,2020-12-02T15:00:00Z,4.11,4.27,4.085,4.2,5398
AMC,2020-12-02T16:00:00Z,4.2,4.33,4.19,4.3,12116
AMC,2020-12-02T17:00:00Z,4.295,4.31,4.23,4.24,7192
AMC,2020-12-02T18:00:00Z,4.245,4.29,4.22,4.26,2686
AMC,2020-12-02T19:00:00Z,4.255,4.26,4.19,4.23,3590
AMC,2020-12-02T20:00:00Z,4.23,4.34,4.215,4.32,3181
AMC,2020-12-02T21:00:00Z,4.32,4.32,4.32,4.32,0
AMC,2020-12-03T15:00:00Z,4.125,4.215,4.115,4.165,23275
AMC,2020-12-03T16:00:00Z,4.16,4.18,4.055,4.175,13454
AMC,2020-12-03T17:00:00Z,4.175,4.2,4.1,4.125,39931
AMC,2020-12-03T18:00:00Z,4.125,4.16,3.85,3.855,134248
AMC,2020-12-03T19:00:00Z,3.85,3.86,3.515,3.525,235336
AMC,2020-12-03T20:00:00Z,3.52,3.69,3.49,3.635,156313
AMC,2020-12-03T21:00:00Z,3.635,3.635,3.635,3.635,0
AMC,2020-12-04T15:00:00Z,3.63,3.635,3.3,3.32,83115
AMC,2020-12-04T16:00:00Z,3.32,3.49,3.32,3.43,54919
AMC,2020-12-04T17:00:00Z,3.435,3.47,3.35,3.43,72837
AMC,2020-12-04T18:00:00Z,3.435,3.46,3.385,3.39,14134
AMC,2020-12-04T19:00:00Z,3.395,3.55,3.395,3.54,18754
AMC,2020-12-04T20:00:00Z,3.54,3.55,3.45,3.51,35048
AMC,2020-12-04T21:00:00Z,3.51,3.51,3.51,3.51,0
AMC,2020-12-07T15:00:00Z,3.385,3.46,3.36,3.44,22105
AMC,2020-12-07T16:00:00Z,3.44,3.495,3.4,3.475,12021
AMC,2020-12-07T17:00:00Z,3.475,3.735,3.455,3.615,23200
AMC,2020-12-07T18:00:00Z,3.62,3.625,3.57,3.58,1491
AMC,2020-12-07T19:00:00Z,3.58,3.58,3.515,3.54,3421
AMC,2020-12-07T20:00:00Z,3.54,3.57,3.5,3.57,10631
AMC,2020-12-07T21:00:00Z,3.57,3.57,3.57,3.57,0
AMC,2020-12-08T15:00:00Z,3.93,3.94,3.76,3.92,34406
AMC,2020-12-08T16:00:00Z,3.915,3.99,3.85,3.975,31387
AMC,2020-12-08T17:00:00Z,3.975,4.02,3.91,3.935,20034
AMC,2020-12-08T18:00:00Z,3.935,3.955,3.84,3.875,10731
AMC,2020-12-08T19:00:00Z,3.875,3.975,3.87,3.955,7882
AMC,2020-12-08T20:00:00Z,3.955,3.98,3.91,3.98,14879
AMC,2020-12-08T21:00:00Z,3.98,3.98,3.98,3.98,0
AMC,2020-12-09T15:00:00Z,4.045,4.14,4.01,4.05,16079
AMC,2020-12-09T16:00:00Z,4.05,4.095,4.005,4.09,7202
AMC,2020-12-09T17:00:00Z,4.09,4.09,4.005,4.01,6083
AMC,2020-12-09T18:00:00Z,4.01,4.03,3.76,3.775,19179
AMC,2020-12-09T19:00:00Z,3.775,3.935,3.775,3.87,7057
AMC,2020-12-09T20:00:00Z,3.87,3.9,3.79,3.865,12206
AMC,2020-12-09T21:00:00Z,3.865,3.865,3.865,3.865,0
AMC,2020-12-10T15:00:00Z,3.88,4.1,3.87,4.03,16105
AMC,2020-12-10T16:00:00Z,4.03,4.08,3.99,4.01,5313
AMC,2020-12-10T17:00:00Z,4.01,4.09,4.005,4.07,5523
AMC,2020-12-10T18:00:00Z,4.07,4.07,3.98,3.995,7751
AMC,2020-12-10T19:00:00Z,3.99,4.05,3.98,4.02,4315
AMC,2020-12-10T20:00:00Z,4.02,4.095,4.02,4.095,30576
AMC,2020-12-10T21:00:00Z,4.095,4.095,4.095,4.095,0
AMC,2020-12-11T15:00:00Z,3.98,4.245,3.98,4.015,78049
AMC,2020-12-11T16:00:00Z,4.02,4.055,3.87,3.955,21857
AMC,2020-12-11T17:00:00Z,3.965,4.005,3.9,3.945,8600
AMC,2020-12-11T18:00:00Z,3.945,4,3.925,3.975,4826
AMC,2020-12-11T19:00:00Z,3.96,4.025,3.945,4.005,8903
AMC,2020-12-11T20:00:00Z,4.005,4.005,3.91,3.915,25491
AMC,2020-12-11T21:00:00Z,3.915,3.915,3.915,3.915,0
AMC,2020-12-14T15:00:00Z,3.085,3.425,3.055,3.4,155258
AMC,2020-12-14T16:00:00Z,3.395,3.4,3.15,3.2,80983
AMC,2020-12-14T17:00:00Z,3.2,3.3,3.185,3.265,39210
AMC,2020-12-14T18:00:00Z,3.275,3.315,3.24,3.255,31950
AMC,2020-12-14T19:00:00Z,3.255,3.26,3.225,3.235,16893
AMC,2020-12-14T20:00:00Z,3.23,3.235,3.16,3.195,153408
AMC,2020-12-14T21:00:00Z,3.195,3.195,3.195,3.195,0
AMC,2020-12-15T15:00:00Z,3.04,3.07,2.81,2.88,69583
AMC,2020-12-15T16:00:00Z,2.875,2.885,2.76,2.875,78659
AMC,2020-12-15T17:00:00Z,2.875,2.905,2.795,2.805,23666
AMC,2020-12-15T18:00:00Z,2.805,2.825,2.805,2.815,41646
AMC,2020-12-15T19:00:00Z,2.82,2.86,2.805,2.855,18221
AMC,2020-12-15T20:00:00Z,2.86,2.91,2.84,2.875,48472
AMC,2020-12-15T21:00:00Z,2.875,2.875,2.875,2.875,0
AMC,2020-12-16T15:00:00Z,2.785,2.82,2.75,2.75,46065
AMC,2020-12-16T16:00:00Z,2.75,2.82,2.715,2.755,73819
AMC,2020-12-16T17:00:00Z,2.755,2.785,2.735,2.78,24209
AMC,2020-12-16T18:00:00Z,2.775,2.805,2.74,2.77,30987
AMC,2020-12-16T19:00:00Z,2.77,2.785,2.76,2.765,22390
AMC,2020-12-16T20:00:00Z,2.765,2.79,2.75,2.775,55294
AMC,2020-12-16T21:00:00Z,2.775,2.775,2.775,2.775,0
AMC,2020-12-17T15:00:00Z,2.775,2.925,2.77,2.895,38458
AMC,2020-12-17T16:00:00Z,2.895,2.955,2.875,2.915,28006
AMC,2020-12-17T17:00:00Z,2.915,2.92,2.795,2.82,30882
AMC,2020-12-17T18:00:00Z,2.815,2.87,2.76,2.8,13804
AMC,2020-12-17T19:00:00Z,2.8,2.825,2.78,2.815,12895
AMC,2020-12-17T20:00:00Z,2.815,2.855,2.8,2.84,45152
AMC,2020-12-17T21:00:00Z,2.84,2.84,2.84,2.84,0
AMC,2020-12-18T15:00:00Z,2.84,2.84,2.775,2.785,23322
AMC,2020-12-18T16:00:00Z,2.785,2.8,2.78,2.79,23752
AMC,2020-12-18T17:00:00Z,2.79,2.83,2.785,2.805,26810
AMC,2020-12-18T18:00:00Z,2.805,2.815,2.785,2.795,24537
AMC,2020-12-18T19:00:00Z,2.795,2.805,2.765,2.775,9362
AMC,2020-12-18T20:00:00Z,2.775,2.805,2.76,2.785,39497
AMC,2020-12-18T21:00:00Z,2.785,2.785,2.785,2.785,0
AMC,2020-12-21T15:00:00Z,2.69,2.7,2.635,2.685,28057
AMC,2020-12-21T16:00:00Z,2.685,2.745,2.68,2.685,12218
AMC,2020-12-21T17:00:00Z,2.685,2.7,2.655,2.66,13267
AMC,2020-12-21T18:00:00Z,2.66,2.67,2.65,2.67,7240
AMC,2020-12-21T19:00:00Z,2.665,2.695,2.66,2.665,7700
AMC,2020-12-21T20:00:00Z,2.665,2.685,2.65,2.68,40795
AMC,2020-12-21T21:00:00Z,2.68,2.68,2.68,2.68,0
AMC,2020-12-22T15:00:00Z,2.655,2.66,2.61,2.615,20525
AMC,2020-12-22T16:00:00Z,2.615,2.635,2.595,2.6,13722
AMC,2020-12-22T17:00:00Z,2.6,2.6,2.515,2.535,19735
AMC,2020-12-22T18:00:00Z,2.54,2.585,2.535,2.565,15988
AMC,2020-12-22T19:00:00Z,2.57,2.585,2.56,2.565,8220
AMC,2020-12-22T20:00:00Z,2.565,2.605,2.555,2.58,26427
AMC,2020-12-22T21:00:00Z,2.58,2.58,2.58,2.58,0
AMC,2020-12-23T15:00:00Z,2.61,2.655,2.585,2.625,79195
AMC,2020-12-23T16:00:00Z,2.625,2.63,2.6,2.605,91277
AMC,2020-12-23T17:00:00Z,2.605,2.62,2.565,2.59,37983
AMC,2020-12-23T18:00:00Z,2.59,2.59,2.57,2.575,11969
AMC,2020-12-23T19:00:00Z,2.575,2.605,2.56,2.595,23147
AMC,2020-12-23T20:00:00Z,2.595,2.595,2.55,2.55,27145
AMC,2020-12-23T21:00:00Z,2.55,2.55,2.55,2.55,0
AMC,2020-12-24T15:00:00Z,2.535,2.575,2.48,2.505,13276
AMC,2020-12-24T16:00:00Z,2.505,2.52,2.475,2.51,8492
AMC,2020-12-24T17:00:00Z,2.505,2.525,2.5,2.51,52087
AMC,2020-12-24T18:00:00Z,2.51,2.51,2.51,2.51,0
AMC,2020-12-24T19:00:00Z,2.51,2.51,2.51,2.51,0
AMC,2020-12-24T20:00:00Z,2.51,2.51,2.51,2.51,0
AMC,2020-12-24T21:00:00Z,2.51,2.51,2.51,2.51,0
AMC,2020-12-25T15:00:00Z,2.51,2.51,2.51,2.51,0
AMC,2020-12-25T16:00:00Z,2.51,2.51,2.51,2.51,0
AMC,2020-12-25T17:00:00Z,2.51,2.51,2.51,2.51,0
AMC,2020-12-25T18:00:00Z,2.51,2.51,2.51,2.51,0
AMC,2020-12-25T19:00:00Z,2.51,2.51,2.51,2.51,0
AMC,2020-12-25T20:00:00Z,2.51,2.51,2.51,2.51,0
AMC,2020-12-25T21:00:00Z,2.51,2.51,2.51,2.51,0
AMC,2020-12-28T15:00:00Z,2.585,2.615,2.55,2.565,50773
AMC,2020-12-28T16:00:00Z,2.565,2.565,2.51,2.515,12456
AMC,2020-12-28T17:00:00Z,2.515,2.515,2.415,2.45,58073
AMC,2020-12-28T18:00:00Z,2.455,2.455,2.415,2.425,22658
AMC,2020-12-28T19:00:00Z,2.42,2.435,2.42,2.43,27027
AMC,2020-12-28T20:00:00Z,2.435,2.445,2.355,2.38,68444
AMC,2020-12-28T21:00:00Z,2.38,2.38,2.38,2.38,0
AMC,2020-12-29T15:00:00Z,2.375,2.415,2.325,2.395,22271
AMC,2020-12-29T16:00:00Z,2.395,2.4,2.38,2.385,4132
AMC,2020-12-29T17:00:00Z,2.385,2.385,2.35,2.355,13050
AMC,2020-12-29T18:00:00Z,2.355,2.355,2.31,2.335,2624
AMC,2020-12-29T19:00:00Z,2.335,2.335,2.3,2.305,40525
AMC,2020-12-29T20:00:00Z,2.305,2.31,2.28,2.29,76764
AMC,2020-12-29T21:00:00Z,2.29,2.29,2.29,2.29,0
AMC,2020-12-30T15:00:00Z,2.16,2.195,2.125,2.135,120478
AMC,2020-12-30T16:00:00Z,2.135,2.2,2.135,2.195,118486
AMC,2020-12-30T17:00:00Z,2.195,2.2,2.165,2.165,28290
AMC,2020-12-30T18:00:00Z,2.165,2.165,2.15,2.155,14531
AMC,2020-12-30T19:00:00Z,2.15,2.155,2.15,2.155,40541
AMC,2020-12-30T20:00:00Z,2.155,2.17,2.145,2.155,24562
AMC,2020-12-30T21:00:00Z,2.155,2.155,2.155,2.155,0
AMC,2020-12-31T15:00:00Z,2.105,2.145,2.075,2.105,69970
AMC,2020-12-31T16:00:00Z,2.105,2.225,2.105,2.185,108533
AMC,2020-12-31T17:00:00Z,2.185,2.19,2.145,2.17,25057
AMC,2020-12-31T18:00:00Z,2.17,2.17,2.135,2.145,13076
AMC,2020-12-31T19:00:00Z,2.145,2.145,2.115,2.135,32577
AMC,2020-12-31T20:00:00Z,2.135,2.135,2.11,2.11,56777
AMC,2020-12-31T21:00:00Z,2.11,2.11,2.11,2.11,0
AMC,2021-01-01T15:00:00Z,2.11,2.11,2.11,2.11,0
AMC,2021-01-01T16:00:00Z,2.11,2.11,2.11,2.11,0
AMC,2021-01-01T17:00:00Z,2.11,2.11,2.11,2.11,0
AMC,2021-01-01T18:00:00Z,2.11,2.11,2.11,2.11,0
AMC,2021-01-01T19:00:00Z,2.11,2.11,2.11,2.11,0
AMC,2021-01-01T20:00:00Z,2.11,2.11,2.11,2.11,0
AMC,2021-01-01T21:00:00Z,2.11,2.11,2.11,2.11,0
AMC,2021-01-04T15:00:00Z,2.085,2.11,2.03,2.045,32058
AMC,2021-01-04T16:00:00Z,2.045,2.06,2.04,2.045,20598
AMC,2021-01-04T17:00:00Z,2.045,2.045,2.01,2.015,12086
AMC,2021-01-04T18:00:00Z,2.015,2.035,2,2.01,42560
AMC,2021-01-04T19:00:00Z,2.015,2.055,2.01,2.045,11523
AMC,2021-01-04T20:00:00Z,2.045,2.05,2.015,2.015,46442
AMC,2021-01-04T21:00:00Z,2.015,2.015,2.015,2.015,0
AMC,2021-01-05T15:00:00Z,1.97,2.015,1.965,1.995,22558
AMC,2021-01-05T16:00:00Z,1.995,2.015,1.99,1.995,40448
AMC,2021-01-05T17:00:00Z,1.995,2.03,1.99,2.015,26064
AMC,2021-01-05T18:00:00Z,2.015,2.015,1.995,1.995,44941
AMC,2021-01-05T19:00:00Z,1.995,2.005,1.98,1.985,107214
AMC,2021-01-05T20:00:00Z,1.985,1.995,1.975,1.975,119290
AMC,2021-01-05T21:00:00Z,1.975,1.975,1.975,1.975,0
AMC,2021-01-06T15:00:00Z,1.995,2.22,1.98,2.065,135040
AMC,2021-01-06T16:00:00Z,2.07,2.145,2.045,2.13,524962
AMC,2021-01-06T17:00:00Z,2.135,2.14,2.065,2.105,82486
AMC,2021-01-06T18:00:00Z,2.105,2.115,2.06,2.075,16019
AMC,2021-01-06T19:00:00Z,2.075,2.105,2.02,2.055,34030
AMC,2021-01-06T20:00:00Z,2.055,2.055,2.01,2.025,15312
AMC,2021-01-06T21:00:00Z,2.025,2.025,2.025,2.025,0
AMC,2021-01-07T15:00:00Z,2.085,2.115,2.045,2.06,28997
AMC,2021-01-07T16:00:00Z,2.06,2.06,2.03,2.045,13913
AMC,2021-01-07T17:00:00Z,2.045,2.07,2.03,2.055,23154
AMC,2021-01-07T18:00:00Z,2.05,2.06,2.045,2.055,7830
AMC,2021-01-07T19:00:00Z,2.055,2.075,2.045,2.055,21405
AMC,2021-01-07T20:00:00Z,2.055,2.055,2.045,2.05,14691
AMC,2021-01-07T21:00:00Z,2.05,2.05,2.05,2.05,0
AMC,2021-01-08T15:00:00Z,2.135,2.18,2.07,2.165,39683
AMC,2021-01-08T16:00:00Z,2.165,2.165,2.13,2.135,53366
AMC,2021-01-08T17:00:00Z,2.135,2.135,2.11,2.11,10413
AMC,2021-01-08T18:00:00Z,2.115,2.115,2.095,2.095,71004
AMC,2021-01-08T19:00:00Z,2.095,2.12,2.095,2.115,28223
AMC,2021-01-08T20:00:00Z,2.115,2.16,2.1,2.13,37266
AMC,2021-01-08T21:00:00Z,2.13,2.13,2.13,2.13,0
AMC,2021-01-11T15:00:00Z,2.19,2.225,2.145,2.185,88445
AMC,2021-01-11T16:00:00Z,2.18,2.26,2.175,2.245,21699
AMC,2021-01-11T17:00:00Z,2.245,2.26,2.215,2.235,22615
AMC,2021-01-11T18:00:00Z,2.235,2.245,2.22,2.235,6345
AMC,2021-01-11T19:00:00Z,2.235,2.235,2.185,2.195,13754
AMC,2021-01-11T20:00:00Z,2.195,2.225,2.185,2.185,31138
AMC,2021-01-11T21:00:00Z,2.185,2.185,2.185,2.185,0
AMC,2021-01-12T15:00:00Z,2.325,2.325,2.25,2.285,31194
AMC,2021-01-12T16:00:00Z,2.285,2.39,2.28,2.33,36134
AMC,2021-01-12T17:00:00Z,2.335,2.35,2.325,2.325,21067
AMC,2021-01-12T18:00:00Z,2.325,2.38,2.325,2.365,22987
AMC,2021-01-12T19:00:00Z,2.365,2.365,2.325,2.325,18979
AMC,2021-01-12T20:00:00Z,2.325,2.325,2.275,2.285,40506
AMC,2021-01-12T21:00:00Z,2.285,2.285,2.285,2.285,0
AMC,2021-01-13T15:00:00Z,2.17,2.215,2.125,2.16,57199
AMC,2021-01-13T16:00:00Z,2.16,2.19,2.15,2.18,25190
AMC,2021-01-13T17:00:00Z,2.175,2.21,2.155,2.19,23926
AMC,2021-01-13T18:00:00Z,2.19,2.255,2.185,2.215,18324
AMC,2021-01-13T19:00:00Z,2.22,2.225,2.18,2.195,18028
AMC,2021-01-13T20:00:00Z,2.19,2.215,2.165,2.175,24285
AMC,2021-01-13T21:00:00Z,2.175,2.175,2.175,2.175,0
AMC,2021-01-14T15:00:00Z,2.16,2.215,2.15,2.195,30917
AMC,2021-01-14T16:00:00Z,2.195,2.325,2.195,2.21,38159
AMC,2021-01-14T17:00:00Z,2.215,2.245,2.19,2.22,21085
AMC,2021-01-14T18:00:00Z,2.22,2.275,2.22,2.245,11109
AMC,2021-01-14T19:00:00Z,2.245,2.28,2.21,2.225,10444
AMC,2021-01-14T20:00:00Z,2.225,2.235,2.17,2.175,62773
AMC,2021-01-14T21:00:00Z,2.175,2.175,2.175,2.175,0
AMC,2021-01-15T15:00:00Z,2.25,2.265,2.2,2.235,50654
AMC,2021-01-15T16:00:00Z,2.235,2.255,2.18,2.24,82127
AMC,2021-01-15T17:00:00Z,2.24,2.435,2.235,2.35,299395
AMC,2021-01-15T18:00:00Z,2.345,2.41,2.32,2.34,93042
AMC,2021-01-15T19:00:00Z,2.345,2.55,2.34,2.43,159122
AMC,2021-01-15T20:00:00Z,2.425,2.445,2.285,2.335,104287
AMC,2021-01-15T21:00:00Z,2.335,2.335,2.335,2.335,0
AMC,2021-01-18T15:00:00Z,2.335,2.335,2.335,2.335,0
AMC,2021-01-18T16:00:00Z,2.335,2.335,2.335,2.335,0
AMC,2021-01-18T17:00:00Z,2.335,2.335,2.335,2.335,0
AMC,2021-01-18T18:00:00Z,2.335,2.335,2.335,2.335,0
AMC,2021-01-18T19:00:00Z,2.335,2.335,2.335,2.335,0
AMC,2021-01-18T20:00:00Z,2.335,2.335,2.335,2.335,0
AMC,2021-01-18T21:00:00Z,2.335,2.335,2.335,2.335,0
AMC,2021-01-19T15:00:00Z,2.755,2.97,2.68,2.86,290277
AMC,2021-01-19T16:00:00Z,2.86,3.12,2.83,3.095,245037
AMC,2021-01-19T17:00:00Z,3.09,3.2,2.92,2.93,138466
AMC,2021-01-19T18:00:00Z,2.935,3.035,2.855,2.965,82456
AMC,2021-01-19T19:00:00Z,2.965,3.17,2.935,3.035,65683
AMC,2021-01-19T20:00:00Z,3.03,3.1,2.965,3.055,106726
AMC,2021-01-19T21:00:00Z,3.055,3.055,3.055,3.055,0
AMC,2021-01-20T15:00:00Z,3.08,3.09,2.75,2.87,221705
AMC,2021-01-20T16:00:00Z,2.87,3.07,2.845,2.965,177616
AMC,2021-01-20T17:00:00Z,2.965,3.005,2.91,2.96,23704
AMC,2021-01-20T18:00:00Z,2.96,3.03,2.95,3.005,55484
AMC,2021-01-20T19:00:00Z,3.005,3.17,2.99,3.09,134274
AMC,2021-01-20T20:00:00Z,3.09,3.09,2.96,2.975,50718
AMC,2021-01-20T21:00:00Z,2.975,2.975,2.975,2.975,0
AMC,2021-01-21T15:00:00Z,2.915,3.02,2.885,3.005,43144
AMC,2021-01-21T16:00:00Z,3.005,3.06,2.96,2.975,135690
AMC,2021-01-21T17:00:00Z,2.975,3.02,2.915,2.99,47038
AMC,2021-01-21T18:00:00Z,2.99,3,2.95,2.995,22137
AMC,2021-01-21T19:00:00Z,2.995,3.04,2.99,3.005,45187
AMC,2021-01-21T20:00:00Z,3.005,3.01,2.96,2.965,113694
AMC,2021-01-21T21:00:00Z,2.965,2.965,2.965,2.965,0
AMC,2021-01-22T15:00:00Z,2.905,2.975,2.855,2.895,51232
AMC,2021-01-22T16:00:00Z,2.895,2.905,2.81,2.845,81468
AMC,2021-01-22T17:00:00Z,2.845,3.285,2.845,3.195,282746
AMC,2021-01-22T18:00:00Z,3.195,3.74,3.07,3.38,701101
AMC,2021-01-22T19:00:00Z,3.385,3.585,3.28,3.54,201051
AMC,2021-01-22T20:00:00Z,3.54,3.73,3.41,3.515,312218
AMC,2021-01-22T21:00:00Z,3.515,3.515,3.515,3.515,0
AMC,2021-01-25T15:00:00Z,4.42,4.885,4.325,4.35,713238
AMC,2021-01-25T16:00:00Z,4.355,4.575,3.92,4.55,334533
AMC,2021-01-25T17:00:00Z,4.555,4.775,4.25,4.34,288388
AMC,2021-01-25T18:00:00Z,4.34,4.625,4.2,4.52,208410
AMC,2021-01-25T19:00:00Z,4.52,4.665,4.435,4.545,188768
AMC,2021-01-25T20:00:00Z,4.545,4.63,4.29,4.405,245398
AMC,2021-01-25T21:00:00Z,4.405,4.405,4.405,4.405,0
AMC,2021-01-26T15:00:00Z,4.875,4.96,4.63,4.795,308204
AMC,2021-01-26T16:00:00Z,4.8,4.89,4.495,4.525,256369
AMC,2021-01-26T17:00:00Z,4.53,4.755,4.375,4.615,280857
AMC,2021-01-26T18:00:00Z,4.625,4.715,4.495,4.575,112454
AMC,2021-01-26T19:00:00Z,4.565,4.79,4.5,4.685,111877
AMC,2021-01-26T20:00:00Z,4.685,5.03,4.685,4.955,356483
AMC,2021-01-26T21:00:00Z,4.955,4.955,4.955,4.955,0
AMC,2021-01-27T15:00:00Z,11.6,17.585,11.09,15.99,2935843
AMC,2021-01-27T16:00:00Z,15.98,17,13.465,13.47,1671339
AMC,2021-01-27T17:00:00Z,13.47,15.59,12.5,15.4,1402159
AMC,2021-01-27T18:00:00Z,15.43,16.87,15.08,16.68,921383
AMC,2021-01-27T19:00:00Z,16.68,19.28,16.63,18.17,1177085
AMC,2021-01-27T20:00:00Z,18.15,19.86,17.25,19.8,1217531
AMC,2021-01-27T21:00:00Z,19.86,19.86,19.45,19.45,352
AMC,2021-01-28T15:00:00Z,13.94,14.19,7,9.38,1768225
AMC,2021-01-28T16:00:00Z,9.35,10.21,6.51,9.03,898198
AMC,2021-01-28T17:00:00Z,9.11,10.87,8.655,10.11,446830
AMC,2021-01-28T18:00:00Z,10.15,10.35,9.07,9.69,217159
AMC,2021-01-28T19:00:00Z,9.725,11.05,8.39,10.18,342404
AMC,2021-01-28T20:00:00Z,10.19,10.2,8.62,8.705,444841
AMC,2021-01-28T21:00:00Z,8.705,8.705,8.705,8.705,0
AMC,2021-01-29T15:00:00Z,12.45,14.12,11.85,13.55,615327
AMC,2021-01-29T16:00:00Z,13.555,14.95,13.16,14.76,455443
AMC,2021-01-29T17:00:00Z,14.76,15.98,12.76,13.885,895926
AMC,2021-01-29T18:00:00Z,13.83,14.28,11.85,12,551557
AMC,2021-01-29T19:00:00Z,12,13.43,11.635,12.86,762143
AMC,2021-01-29T20:00:00Z,12.94,14.14,12.67,13.32,433399
AMC,2021-01-29T21:00:00Z,13.32,13.32,13.32,13.32,0
AMC,2021-02-01T15:00:00Z,15.13,15.2,13.465,14.35,848528
AMC,2021-02-01T16:00:00Z,14.38,14.86,13.9,14.19,436415
AMC,2021-02-01T17:00:00Z,14.185,14.33,13.91,14.065,260580
AMC,2021-02-01T18:00:00Z,14.06,14.43,13.725,14.25,342561
AMC,2021-02-01T19:00:00Z,14.25,14.51,13.83,13.875,337968
AMC,2021-02-01T20:00:00Z,13.87,13.935,12.915,13.32,531158
AMC,2021-02-01T21:00:00Z,13.31,13.33,13.26,13.26,34
AMC,2021-02-02T15:00:00Z,8.115,8.22,6,7,1138254
AMC,2021-02-02T16:00:00Z,7,8.975,6.995,7.92,608099
AMC,2021-02-02T17:00:00Z,7.935,8.43,7.8,8.09,147003
AMC,2021-02-02T18:00:00Z,8.07,8.09,7.38,7.465,309990
AMC,2021-02-02T19:00:00Z,7.47,7.92,7.42,7.82,109269
AMC,2021-02-02T20:00:00Z,7.815,8.175,7.63,7.835,306808
AMC,2021-02-02T21:00:00Z,7.835,7.835,7.835,7.835,0
AMC,2021-02-03T15:00:00Z,8.04,8.725,7.94,8.535,166527
AMC,2021-02-03T16:00:00Z,8.535,8.595,8.215,8.415,65112
AMC,2021-02-03T17:00:00Z,8.42,9.265,8.365,9.195,152540
AMC,2021-02-03T18:00:00Z,9.195,9.76,9,9.715,206813
AMC,2021-02-03T19:00:00Z,9.725,9.735,8.82,8.84,166820
AMC,2021-02-03T20:00:00Z,8.86,9.05,8.52,8.865,264926
AMC,2021-02-03T21:00:00Z,8.865,8.865,8.865,8.865,0
AMC,2021-02-04T15:00:00Z,8.33,8.44,7.6,7.82,383383
AMC,2021-02-04T16:00:00Z,7.82,7.915,7.515,7.83,282344
AMC,2021-02-04T17:00:00Z,7.83,7.915,7.645,7.695,48250
AMC,2021-02-04T18:00:00Z,7.695,7.715,7.1,7.2,369048
AMC,2021-02-04T19:00:00Z,7.2,7.375,7.15,7.27,90007
AMC,2021-02-04T20:00:00Z,7.27,7.27,7,7.085,399624
AMC,2021-02-04T21:00:00Z,7.085,7.085,7.085,7.085,0
AMC,2021-02-05T15:00:00Z,8.1,8.1,7.16,7.29,305961
AMC,2021-02-05T16:00:00Z,7.29,7.445,6.925,7.14,218678
AMC,2021-02-05T17:00:00Z,7.14,7.15,6.965,6.99,134420
AMC,2021-02-05T18:00:00Z,6.995,7.075,6.67,6.81,283128
AMC,2021-02-05T19:00:00Z,6.815,6.815,6.6,6.755,183962
AMC,2021-02-05T20:00:00Z,6.755,6.885,6.665,6.83,210833
AMC,2021-02-05T21:00:00Z,6.83,6.83,6.83,6.83,0
AMC,2021-02-08T15:00:00Z,6.265,6.305,5.75,6.025,424388
AMC,2021-02-08T16:00:00Z,6.04,6.135,5.945,6.005,172954
AMC,2021-02-08T17:00:00Z,6,6.145,5.95,6.12,199081
AMC,2021-02-08T18:00:00Z,6.125,6.155,6.025,6.08,142832
AMC,2021-02-08T19:00:00Z,6.085,6.09,6,6.04,180031
AMC,2021-02-08T20:00:00Z,6.04,6.18,6.02,6.16,214454
AMC,2021-02-08T21:00:00Z,6.16,6.16,6.16,6.16,0
AMC,2021-02-09T15:00:00Z,5.545,5.55,5.37,5.41,221975
AMC,2021-02-09T16:00:00Z,5.41,5.49,5.26,5.365,120575
AMC,2021-02-09T17:00:00Z,5.375,5.55,5.355,5.51,67543
AMC,2021-02-09T18:00:00Z,5.505,5.515,5.365,5.365,79805
AMC,2021-02-09T19:00:00Z,5.375,5.545,5.345,5.545,81557
AMC,2021-02-09T20:00:00Z,5.535,5.58,5.445,5.495,101169
AMC,2021-02-09T21:00:00Z,5.495,5.495,5.495,5.495,0
AMC,2021-02-10T15:00:00Z,5.565,6,5.51,5.695,151796
AMC,2021-02-10T16:00:00Z,5.69,6.23,5.65,6.03,132891
AMC,2021-02-10T17:00:00Z,6.03,6.585,5.935,6.575,103865
AMC,2021-02-10T18:00:00Z,6.575,6.58,6.12,6.17,104786
AMC,2021-02-10T19:00:00Z,6.165,6.17,5.83,5.9,46792
AMC,2021-02-10T20:00:00Z,5.905,5.905,5.64,5.79,126667
AMC,2021-02-10T21:00:00Z,5.79,5.79,5.79,5.79,0
AMC,2021-02-11T15:00:00Z,5.625,5.695,5.55,5.635,38305
AMC,2021-02-11T16:00:00Z,5.635,5.645,5.465,5.585,67573
AMC,2021-02-11T17:00:00Z,5.585,5.675,5.465,5.555,62222
AMC,2021-02-11T18:00:00Z,5.55,5.655,5.515,5.625,24176
AMC,2021-02-11T19:00:00Z,5.625,5.725,5.585,5.675,20661
AMC,2021-02-11T20:00:00Z,5.685,5.77,5.61,5.675,71240
AMC,2021-02-11T21:00:00Z,5.675,5.675,5.675,5.675,0
AMC,2021-02-12T15:00:00Z,5.84,5.865,5.65,5.78,95189
AMC,2021-02-12T16:00:00Z,5.785,5.84,5.71,5.745,57258
AMC,2021-02-12T17:00:00Z,5.745,5.805,5.68,5.74,21558
AMC,2021-02-12T18:00:00Z,5.74,5.755,5.655,5.675,52476
AMC,2021-02-12T19:00:00Z,5.675,5.675,5.55,5.6,39140
AMC,2021-02-12T20:00:00Z,5.595,5.645,5.525,5.59,40734
AMC,2021-02-12T21:00:00Z,5.59,5.59,5.59,5.59,0
AMC,2021-02-15T15:00:00Z,5.59,5.59,5.59,5.59,0
AMC,2021-02-15T16:00:00Z,5.59,5.59,5.59,5.59,0
AMC,2021-02-15T17:00:00Z,5.59,5.59,5.59,5.59,0
AMC,2021-02-15T18:00:00Z,5.59,5.59,5.59,5.59,0
AMC,2021-02-15T19:00:00Z,5.59,5.59,5.59,5.59,0
AMC,2021-02-15T20:00:00Z,5.59,5.59,5.59,5.59,0
AMC,2021-02-15T21:00:00Z,5.59,5.59,5.59,5.59,0
AMC,2021-02-16T15:00:00Z,5.87,5.91,5.675,5.77,61926
AMC,2021-02-16T16:00:00Z,5.765,5.795,5.52,5.575,47500
AMC,2021-02-16T17:00:00Z,5.575,5.715,5.49,5.655,47154
AMC,2021-02-16T18:00:00Z,5.655,5.725,5.605,5.655,21205
AMC,2021-02-16T19:00:00Z,5.65,5.685,5.61,5.63,15934
AMC,2021-02-16T20:00:00Z,5.63,5.67,5.565,5.64,34461
AMC,2021-02-16T21:00:00Z,5.64,5.64,5.64,5.64,0
AMC,2021-02-17T15:00:00Z,5.53,5.575,5.38,5.48,100298
AMC,2021-02-17T16:00:00Z,5.48,5.48,5.315,5.395,68419
AMC,2021-02-17T17:00:00Z,5.4,5.45,5.33,5.405,32550
AMC,2021-02-17T18:00:00Z,5.405,5.455,5.375,5.445,12915
AMC,2021-02-17T19:00:00Z,5.45,5.48,5.375,5.43,40806
AMC,2021-02-17T20:00:00Z,5.425,5.56,5.405,5.56,157124
AMC,2021-02-17T21:00:00Z,5.56,5.56,5.56,5.56,0
AMC,2021-02-18T15:00:00Z,5.805,5.94,5.555,5.695,231896
AMC,2021-02-18T16:00:00Z,5.69,5.865,5.63,5.79,60884
AMC,2021-02-18T17:00:00Z,5.795,6.03,5.71,5.745,126032
AMC,2021-02-18T18:00:00Z,5.74,5.79,5.61,5.655,31618
AMC,2021-02-18T19:00:00Z,5.665,5.7,5.57,5.615,24508
AMC,2021-02-18T20:00:00Z,5.62,5.64,5.46,5.48,103055
AMC,2021-02-18T21:00:00Z,5.48,5.48,5.48,5.48,0
AMC,2021-02-19T15:00:00Z,5.625,5.77,5.59,5.68,50677
AMC,2021-02-19T16:00:00Z,5.685,5.695,5.61,5.67,42765
AMC,2021-02-19T17:00:00Z,5.675,5.73,5.595,5.655,43030
AMC,2021-02-19T18:00:00Z,5.655,5.685,5.605,5.62,14397
AMC,2021-02-19T19:00:00Z,5.62,5.66,5.62,5.625,16657
AMC,2021-02-19T20:00:00Z,5.63,5.69,5.605,5.685,50331
AMC,2021-02-19T21:00:00Z,5.685,5.685,5.685,5.685,0
